Time,Day_of_week,Age_band_of_driver,Sex_of_driver,Educational_level,Vehicle_driver_relation,Driving_experience,Type_of_vehicle,Owner_of_vehicle,Lanes_or_Medians,Road_allignment,Types_of_Junction,Road_surface_type,Road_surface_conditions,Light_conditions,Weather_conditions,Type_of_collision,Number_of_vehicles_involved,Vehicle_movement,Pedestrian_movement,Cause_of_accident,Accident_severity
Day Time,Wednesday,0,Male,Elementary school,Employee,5-10yr,Dry 2,Owner,Two way,Tangent road with flat terrain,No junction,Earth roads,Dry,Daylight,Normal,Vehicle with vehicle collision,2,Unknown,Not a Pedestrian,Changing lane,Slight Injury
Day Time,Wednesday,0,Male,High school,Employee,5-10yr,Dry 2,Owner,Two way,Tangent road with flat terrain,No junction,Asphalt,Dry,Daylight,Normal,Vehicle with vehicle collision,2,Unknown,Not a Pedestrian,Getting off the vehicle improperly,Slight Injury
Day Time,Saturday,2,Male,High school,Employee,1-5 yr,Dry 2,Owner,Two way,Tangent road with flat terrain,Crossing,Asphalt,Dry,Daylight,Normal,Vehicle with vehicle collision,2,Going straight,Not a Pedestrian,Unknown,Slight Injury
Day Time,Saturday,0,Male,High school,Owner,5-10yr,Public (13?45 seats),Owner,Two way,Tangent road with flat terrain,Crossing,Asphalt,Dry,Daylight,Normal,Vehicle with vehicle collision,2,Going straight,Not a Pedestrian,Unknown,Slight Injury
Day Time,Saturday,0,Male,Unknown,Owner,Below 1yr,Auto,Owner,Unknown,Tangent road with flat terrain,No junction,Asphalt,Dry,Daylight,Normal,Vehicle with vehicle collision,2,Going straight,Not a Pedestrian,No priority to vehicle,Serious Injury
Day Time,Saturday,0,Male,Writing & reading,Owner,5-10yr,Dry 1,Owner,Two-way (divided with broken lines road marking),Tangent road with flat terrain,No junction,Asphalt,Dry,Daylight,Normal,Vehicle with vehicle collision,2,Going straight,Not a Pedestrian,Overtaking,Serious Injury
Day Time,Sunday,0,Male,High school,Employee,Above 10yr,Unknown,Owner,Two-way (divided with broken lines road marking),Tangent road with flat terrain,Crossing,Asphalt,Dry,Daylight,Normal,Vehicle with vehicle collision,2,Going straight,Not a Pedestrian,No priority to pedestrian,Slight Injury
Day Time,Sunday,0,Male,High school,Employee,Below 1yr,Auto,Owner,Two way,Tangent road with flat terrain,Crossing,Asphalt,Dry,Daylight,Normal,Vehicle with vehicle collision,2,Going straight,Not a Pedestrian,No distancing,Slight Injury
Afternoon Rush,Sunday,0,Male,High school,Employee,1-5 yr,Unknown,Owner,Two way,Tangent road with flat terrain,No junction,Asphalt,Dry,Daylight,Normal,Vehicle with vehicle collision,3,Going straight,Not a Pedestrian,Changing lane,Slight Injury
Afternoon Rush,Sunday,1,Male,High school,Employee,Above 10yr,Auto,Owner,Two way,Tangent road with flat terrain,No junction,Asphalt,Dry,Daylight,Normal,Vehicle with vehicle collision,3,Going straight,Not a Pedestrian,Driving carelessly,Slight Injury
Night Time,Thursday,0,Male,High school,Employee,Above 10yr,Dry 2,Owner,Two-way (divided with broken lines road marking),Tangent road with flat terrain,No junction,Asphalt,Dry,Darkness - lights lit,Normal,Vehicle with vehicle collision,1,Going straight,Not a Pedestrian,Overtaking,Slight Injury
Day Time,Thursday,2,Male,High school,Employee,No Licence,Public (13?45 seats),Owner,Two-way (divided with broken lines road marking),Tangent road with flat terrain,Y Shape,Asphalt,Dry,Daylight,Normal,Collision with roadside objects,2,Reversing,Not a Pedestrian,Unknown,Slight Injury
Afternoon Rush,Thursday,0,Male,Illiterate,Owner,1-5 yr,Dry 1,Governmental,Two way,Tangent road with flat terrain,No junction,Asphalt,Dry,Daylight,Normal,Collision with pedestrians,2,Unknown,Not a Pedestrian,Driving at high speed,Slight Injury
Morning Rush,Wednesday,1,Male,High school,Owner,1-5 yr,Dry 1,Owner,Two-way (divided with broken lines road marking),Tangent road with mild grade and flat terrain,Y Shape,Asphalt,Dry,Daylight,Normal,Collision with roadside objects,2,Getting off,Not a Pedestrian,Moving Backward,Serious Injury
Morning Rush,Friday,3,Male,Unknown,Owner,5-10yr,Auto,Owner,Two-way (divided with broken lines road marking),Tangent road with flat terrain,Crossing,Asphalt,Dry,Daylight,Normal,Vehicle with vehicle collision,2,Going straight,Not a Pedestrian,Changing lane,Slight Injury
Morning Rush,Friday,0,Male,Unknown,Owner,Above 10yr,Auto,Owner,Unknown,Tangent road with flat terrain,Crossing,Asphalt,Dry,Daylight,Normal,Vehicle with vehicle collision,2,Going straight,Not a Pedestrian,Changing lane,Slight Injury
Day Time,Thursday,1,Male,High school,Owner,1-5 yr,Dry 2,Owner,Unknown,Tangent road with flat terrain,No junction,Asphalt,Dry,Daylight,Normal,Vehicle with vehicle collision,3,Going straight,Not a Pedestrian,Overtaking,Slight Injury
Day Time,Thursday,0,Male,Writing & reading,Owner,5-10yr,Auto,Owner,Unknown,Unknown,No junction,Asphalt,Dry,Daylight,Normal,Rollover,3,Entering a junction,Not a Pedestrian,Unknown,Slight Injury
Night Time,Saturday,0,Male,Unknown,Owner,Unknown,Auto,Governmental,Unknown,Tangent road with mild grade and flat terrain,No junction,Asphalt,Dry,Darkness - lights lit,Normal,Collision with roadside objects,1,Entering a junction,Not a Pedestrian,No priority to vehicle,Slight Injury
Day Time,Tuesday,1,Unknown,High school,Owner,Below 1yr,Unknown,Unknown,Unknown,Unknown,Unknown,Asphalt,Dry,Daylight,Normal,Vehicle with vehicle collision,3,Entering a junction,Not a Pedestrian,Moving Backward,Slight Injury
Day Time,Monday,0,Male,Elementary school,Employee,1-5 yr,Dry 2,Governmental,Unknown,Tangent road with flat terrain,No junction,Asphalt,Dry,Daylight,Normal,Vehicle with vehicle collision,2,Entering a junction,Not a Pedestrian,No priority to pedestrian,Slight Injury
Day Time,Monday,0,Male,High school,Employee,1-5 yr,Dry 1,Owner,Unknown,Tangent road with flat terrain,No junction,Asphalt,Dry,Daylight,Normal,Vehicle with vehicle collision,2,Turnover,Not a Pedestrian,No distancing,Slight Injury
Night Time,Wednesday,0,Male,High school,Employee,1-5 yr,Dry 1,Owner,Two way,Tangent road with flat terrain,Unknown,Asphalt,Dry,Darkness - lights lit,Normal,Vehicle with vehicle collision,2,Entering a junction,Pedestrian,No priority to vehicle,Slight Injury
Day Time,Monday,3,Male,High school,Employee,5-10yr,Motorcycle,Owner,Two way,Tangent road with flat terrain,Y Shape,Asphalt,Dry,Daylight,Normal,Vehicle with vehicle collision,2,Entering a junction,Not a Pedestrian,No distancing,Slight Injury
Day Time,Monday,3,Male,High school,Employee,Above 10yr,Auto,Owner,Two way,Escarpments,Y Shape,Gravel roads,Dry,Daylight,Normal,Vehicle with vehicle collision,2,Entering a junction,Not a Pedestrian,Moving Backward,Slight Injury
Day Time,Monday,3,Male,Elementary school,Employee,5-10yr,Auto,Owner,Unknown,Tangent road with flat terrain,Y Shape,Asphalt,Dry,Daylight,Normal,Collision with pedestrians,2,Entering a junction,Not a Pedestrian,Changing lane,Slight Injury
Day Time,Monday,3,Male,High school,Employee,5-10yr,Auto,Owner,Two way,Escarpments,Y Shape,Asphalt,Dry,Daylight,Normal,Vehicle with vehicle collision,2,Unknown,Unknown,No priority to pedestrian,Slight Injury
Afternoon Rush,Sunday,0,Male,High school,Employee,Above 10yr,Auto,Owner,One way,Tangent road with flat terrain,Unknown,Asphalt,Dry,Daylight,Normal,Collision with roadside objects,2,Going straight,Pedestrian,Moving Backward,Slight Injury
Afternoon Rush,Sunday,1,Male,Elementary school,Owner,Unknown,Unknown,Owner,Two way,Tangent road with flat terrain,Unknown,Asphalt,Dry,Daylight,Normal,Vehicle with vehicle collision,2,Going straight,Not a Pedestrian,Getting off the vehicle improperly,Slight Injury
Night Time,Saturday,0,Male,High school,Owner,5-10yr,Public (> 45 seats),Owner,Unknown,Tangent road with flat terrain,Y Shape,Asphalt,Dry,Darkness - lights lit,Normal,Vehicle with vehicle collision,2,Unknown,Not a Pedestrian,Overtaking,Slight Injury
Night Time,Saturday,0,Male,High school,Employee,5-10yr,Public (> 45 seats),Owner,Unknown,Tangent road with flat terrain,Y Shape,Asphalt,Dry,Darkness - lights lit,Normal,Vehicle with vehicle collision,2,Going straight,Unknown,Overloading,Slight Injury
Night Time,Saturday,1,Male,High school,Employee,Below 1yr,Auto,Owner,One way,Tangent road with flat terrain,Y Shape,Asphalt,Dry,Darkness - lights lit,Normal,Vehicle with vehicle collision,2,Going straight,Not a Pedestrian,Changing lane,Slight Injury
Day Time,Saturday,0,Male,Unknown,Unknown,Unknown,Auto,Owner,One way,Tangent road with flat terrain,Crossing,Asphalt,Dry,Daylight,Normal,Vehicle with vehicle collision,2,Going straight,Not a Pedestrian,Improper parking,Slight Injury
Morning Rush,Wednesday,1,Male,High school,Employee,5-10yr,Auto,Owner,Unknown,Tangent road with flat terrain,Crossing,Asphalt,Wet or damp,Daylight,Normal,Vehicle with vehicle collision,2,Going straight,Not a Pedestrian,Changing lane,Slight Injury
Night Time,Tuesday,3,Female,High school,Employee,Above 10yr,Auto,Unknown,Unknown,Unknown,Y Shape,Asphalt,Dry,Darkness - lights lit,Normal,Vehicle with vehicle collision,1,Moving Backward,Pedestrian,No priority to pedestrian,Slight Injury
Night Time,Thursday,1,Male,High school,Employee,Above 10yr,Public (13?45 seats),Owner,Unknown,Tangent road with rolling terrain,Y Shape,Asphalt,Wet or damp,Daylight,Raining,Collision with roadside objects,2,Overtaking,Not a Pedestrian,Driving at high speed,Slight Injury
Day Time,Saturday,1,Male,High school,Employee,Above 10yr,Auto,Owner,Two way,Tangent road with flat terrain,Crossing,Gravel roads,Dry,Daylight,Normal,Collision with roadside objects,2,Going straight,Not a Pedestrian,No priority to vehicle,Slight Injury
Day Time,Saturday,1,Male,High school,Employee,Above 10yr,Public (13?45 seats),Unknown,Unknown,Tangent road with flat terrain,Crossing,Asphalt,Dry,Daylight,Normal,Vehicle with vehicle collision,2,Going straight,Not a Pedestrian,Changing lane,Slight Injury
Night Time,Saturday,0,Male,High school,Employee,5-10yr,Unknown,Owner,Unknown,Tangent road with flat terrain,No junction,Asphalt,Dry,Darkness - lights lit,Normal,Vehicle with vehicle collision,2,Going straight,Pedestrian,No distancing,Serious Injury
Night Time,Saturday,1,Male,High school,Employee,1-5 yr,Dry 2,Owner,Two way,Tangent road with flat terrain,No junction,Asphalt,Dry,Darkness - lights lit,Normal,Unknown,2,Going straight,Not a Pedestrian,No priority to pedestrian,Serious Injury
Day Time,Thursday,0,Male,High school,Employee,Below 1yr,Dry 2,Governmental,Two way,Tangent road with flat terrain,Y Shape,Asphalt,Dry,Daylight,Normal,Collision with pedestrians,1,Going straight,Not a Pedestrian,No distancing,Slight Injury
Day Time,Monday,0,Male,High school,Employee,Below 1yr,Public 1,Owner,Two way,Tangent road with flat terrain,Crossing,Earth roads,Dry,Daylight,Normal,Vehicle with vehicle collision,2,Going straight,Not a Pedestrian,No priority to vehicle,Slight Injury
Afternoon Rush,Thursday,1,Male,Elementary school,Employee,Below 1yr,Dry 2,Owner,Two way,Gentle horizontal curve,Crossing,Asphalt,Dry,Daylight,Normal,Vehicle with vehicle collision,2,Going straight,Not a Pedestrian,Driving carelessly,Slight Injury
Afternoon Rush,Thursday,1,Male,High school,Employee,Below 1yr,Public 1,Owner,Two way,Gentle horizontal curve,Crossing,Unknown,Dry,Daylight,Normal,Collision with pedestrians,2,Going straight,Not a Pedestrian,Changing lane,Slight Injury
Afternoon Rush,Tuesday,0,Female,High school,Employee,Unknown,Public (> 45 seats),Owner,Two way,Tangent road with flat terrain,No junction,Gravel roads,Dry,Daylight,Normal,Collision with roadside objects,2,Unknown,Not a Pedestrian,Driving carelessly,Slight Injury
Afternoon Rush,Tuesday,0,Male,Unknown,Employee,5-10yr,Auto,Owner,Two way,Gentle horizontal curve,No junction,Asphalt,Dry,Daylight,Normal,Unknown,2,Entering a junction,Not a Pedestrian,Changing lane,Slight Injury
Night Time,Tuesday,1,Male,Writing & reading,Employee,Below 1yr,Dry 1,Owner,Unknown,Tangent road with flat terrain,Y Shape,Unknown,Dry,Daylight,Normal,Vehicle with vehicle collision,2,Turnover,Not a Pedestrian,No priority to vehicle,Slight Injury
Night Time,Tuesday,1,Male,High school,Employee,Below 1yr,Auto,Owner,Unknown,Tangent road with flat terrain,Y Shape,Asphalt,Dry,Daylight,Normal,Unknown,2,Going straight,Unknown,No distancing,Slight Injury
Day Time,Wednesday,1,Male,High school,Employee,1-5 yr,Unknown,Owner,Unknown,Tangent road with flat terrain,Y Shape,Earth roads,Dry,Daylight,Normal,Unknown,2,Going straight,Not a Pedestrian,Changing lane,Slight Injury
Day Time,Wednesday,0,Male,Elementary school,Employee,Above 10yr,Unknown,Owner,Unknown,Tangent road with flat terrain,Y Shape,Asphalt,Dry,Daylight,Normal,Unknown,2,Going straight,Not a Pedestrian,Changing lane,Slight Injury
Day Time,Monday,1,Male,Elementary school,Employee,Above 10yr,Auto,Owner,Two way,Tangent road with flat terrain,Y Shape,Asphalt,Dry,Daylight,Normal,Vehicle with vehicle collision,4,Going straight,Pedestrian,Driving at high speed,Slight Injury
Day Time,Monday,1,Male,Elementary school,Employee,Below 1yr,Auto,Owner,Two-way (divided with broken lines road marking),Tangent road with mountainous terrain and,Y Shape,Asphalt,Dry,Daylight,Normal,Vehicle with vehicle collision,4,Going straight,Not a Pedestrian,No distancing,Slight Injury
Day Time,Monday,0,Male,High school,Employee,1-5 yr,Dry 1,Governmental,Two-way (divided with broken lines road marking),Escarpments,Y Shape,Asphalt,Dry,Daylight,Normal,Collision with roadside objects,4,Going straight,Not a Pedestrian,Changing lane,Slight Injury
Day Time,Monday,0,Male,High school,Employee,1-5 yr,Dry 2,Owner,Two way,Tangent road with mountainous terrain and,Y Shape,Asphalt,Dry,Daylight,Normal,Collision with roadside objects,4,Going straight,Not a Pedestrian,Changing lane,Slight Injury
Day Time,Thursday,3,Male,High school,Employee,1-5 yr,Unknown,Owner,Two-way (divided with broken lines road marking),Tangent road with flat terrain,Unknown,Asphalt,Dry,Daylight,Normal,Vehicle with vehicle collision,2,Getting off,Not a Pedestrian,Unknown,Serious Injury
Afternoon Rush,Sunday,1,Male,High school,Employee,1-5 yr,Dry 2,Owner,Two way,Tangent road with mild grade and flat terrain,No junction,Asphalt,Dry,Daylight,Normal,Vehicle with vehicle collision,2,Getting off,Not a Pedestrian,No distancing,Slight Injury
Afternoon Rush,Tuesday,0,Male,High school,Employee,5-10yr,Dry 2,Owner,Two-way (divided with broken lines road marking),Tangent road with flat terrain,No junction,Asphalt,Dry,Daylight,Normal,Vehicle with vehicle collision,2,Moving Backward,Not a Pedestrian,No priority to vehicle,Slight Injury
Afternoon Rush,Tuesday,1,Male,High school,Employee,Below 1yr,Dry 1,Governmental,Two way,Tangent road with flat terrain,No junction,Asphalt,Dry,Daylight,Normal,Rollover,2,Going straight,Not a Pedestrian,Overtaking,Slight Injury
Day Time,Sunday,0,Male,High school,Employee,Below 1yr,Dry 1,Owner,Two way,Tangent road with mild grade and flat terrain,No junction,Asphalt,Dry,Daylight,Normal,Vehicle with vehicle collision,2,Going straight,Not a Pedestrian,No priority to pedestrian,Serious Injury
Day Time,Sunday,0,Male,Elementary school,Employee,Unknown,Auto,Owner,Two-way (divided with broken lines road marking),Tangent road with flat terrain,No junction,Asphalt,Dry,Daylight,Normal,Collision with roadside objects,2,Waiting to go,Not a Pedestrian,No distancing,Serious Injury
Day Time,Saturday,0,Male,High school,Employee,Below 1yr,Unknown,Owner,Two-way (divided with broken lines road marking),Tangent road with flat terrain,Crossing,Asphalt,Dry,Daylight,Normal,Collision with pedestrians,2,Going straight,Not a Pedestrian,Changing lane,Serious Injury
Day Time,Saturday,0,Male,High school,Employee,1-5 yr,Unknown,Owner,Two way,Tangent road with flat terrain,Crossing,Asphalt,Dry,Daylight,Normal,Vehicle with vehicle collision,2,Unknown,Not a Pedestrian,Driving carelessly,Serious Injury
Afternoon Rush,Thursday,1,Male,Elementary school,Employee,1-5 yr,Auto,Organization,Two-way (divided with broken lines road marking),Tangent road with flat terrain,No junction,Asphalt,Dry,Daylight,Normal,Vehicle with vehicle collision,4,Going straight,Not a Pedestrian,Changing lane,Serious Injury
Afternoon Rush,Thursday,0,Male,High school,Employee,1-5 yr,Motorcycle,Owner,Two way,Tangent road with flat terrain,No junction,Asphalt,Dry,Daylight,Normal,Vehicle with vehicle collision,4,Going straight,Not a Pedestrian,Overtaking,Serious Injury
Afternoon Rush,Thursday,1,Male,High school,Employee,5-10yr,Auto,Governmental,Two-way (divided with broken lines road marking),Tangent road with flat terrain,No junction,Earth roads,Dry,Daylight,Normal,Vehicle with vehicle collision,4,Going straight,Unknown,Unknown,Serious Injury
Afternoon Rush,Thursday,3,Male,High school,Employee,Below 1yr,Auto,Owner,Two-way (divided with broken lines road marking),Tangent road with flat terrain,No junction,Asphalt,Dry,Daylight,Normal,Vehicle with vehicle collision,4,Going straight,Not a Pedestrian,Driving to the left,Serious Injury
Day Time,Wednesday,0,Male,High school,Employee,Above 10yr,Public 1,Owner,Unknown,Tangent road with flat terrain,No junction,Asphalt,Dry,Daylight,Normal,Vehicle with vehicle collision,2,Overtaking,Not a Pedestrian,Driving at high speed,Slight Injury
Day Time,Wednesday,3,Male,Elementary school,Owner,5-10yr,Auto,Owner,Two way,Tangent road with flat terrain,No junction,Asphalt,Dry,Daylight,Normal,Vehicle with vehicle collision,2,Going straight,Not a Pedestrian,Unknown,Slight Injury
Afternoon Rush,Saturday,0,Male,High school,Employee,5-10yr,Dry 2,Organization,Two-way (divided with broken lines road marking),Tangent road with flat terrain,Crossing,Unknown,Dry,Daylight,Normal,Rollover,2,Going straight,Not a Pedestrian,No distancing,Slight Injury
Afternoon Rush,Saturday,0,Male,Elementary school,Owner,5-10yr,Public (> 45 seats),Owner,One way,Tangent road with flat terrain,Crossing,Gravel roads,Dry,Daylight,Normal,Vehicle with vehicle collision,2,Turnover,Not a Pedestrian,Unknown,Slight Injury
Afternoon Rush,Wednesday,0,Male,High school,Employee,1-5 yr,Unknown,Owner,Two way,Tangent road with flat terrain,No junction,Gravel roads,Dry,Daylight,Normal,Collision with pedestrians,2,Going straight,Not a Pedestrian,No priority to vehicle,Slight Injury
Afternoon Rush,Wednesday,0,Male,High school,Employee,Above 10yr,Unknown,Organization,Two way,Tangent road with mountainous terrain and,No junction,Asphalt,Dry,Daylight,Normal,Vehicle with vehicle collision,2,Going straight,Not a Pedestrian,Changing lane,Slight Injury
Day Time,Sunday,0,Male,High school,Employee,5-10yr,Auto,Owner,Unknown,Tangent road with flat terrain,No junction,Asphalt,Dry,Daylight,Normal,Vehicle with vehicle collision,3,Getting off,Not a Pedestrian,No priority to pedestrian,Slight Injury
Day Time,Sunday,0,Male,High school,Employee,1-5 yr,Auto,Owner,Two-way (divided with broken lines road marking),Escarpments,No junction,Earth roads,Dry,Daylight,Normal,Collision with pedestrians,3,Moving Backward,Not a Pedestrian,Overtaking,Slight Injury
Day Time,Sunday,0,Male,High school,Employee,5-10yr,Dry 2,Owner,Two way,Tangent road with flat terrain,No junction,Asphalt,Dry,Daylight,Normal,Collision with pedestrians,3,Getting off,Not a Pedestrian,Driving carelessly,Slight Injury
Day Time,Monday,1,Male,Elementary school,Owner,Unknown,Public (13?45 seats),Owner,Two way,Steep grade downward with mountainous terrain,Y Shape,Asphalt,Dry,Daylight,Normal,Vehicle with vehicle collision,2,Going straight,Not a Pedestrian,No priority to pedestrian,Slight Injury
Day Time,Thursday,3,Male,High school,Owner,5-10yr,Auto,Owner,Two way,Tangent road with mild grade and flat terrain,No junction,Asphalt,Dry,Daylight,Normal,Vehicle with vehicle collision,2,Going straight,Not a Pedestrian,Changing lane,Slight Injury
Day Time,Thursday,0,Male,High school,Employee,5-10yr,Public (> 45 seats),Owner,Two way,Tangent road with flat terrain,No junction,Earth roads,Dry,Daylight,Normal,Vehicle with vehicle collision,2,Going straight,Not a Pedestrian,Driving carelessly,Slight Injury
Night Time,Wednesday,0,Male,High school,Employee,Below 1yr,Dry 2,Owner,Two-way (divided with broken lines road marking),Tangent road with flat terrain,No junction,Asphalt,Dry,Darkness - lights lit,Normal,Vehicle with vehicle collision,1,Reversing,Not a Pedestrian,Changing lane,Serious Injury
Day Time,Wednesday,3,Male,High school,Employee,5-10yr,Dry 1,Owner,Two way,Tangent road with mountainous terrain and,Y Shape,Asphalt,Dry,Daylight,Normal,Vehicle with vehicle collision,2,Going straight,Not a Pedestrian,Changing lane,Slight Injury
Day Time,Wednesday,0,Male,High school,Employee,5-10yr,Public (13?45 seats),Unknown,Unknown,Tangent road with flat terrain,Y Shape,Asphalt,Dry,Daylight,Normal,Vehicle with vehicle collision,2,Going straight,Not a Pedestrian,Overturning,Slight Injury
Day Time,Thursday,3,Male,High school,Employee,Above 10yr,Public (13?45 seats),Owner,Two-way (divided with broken lines road marking),Tangent road with mild grade and flat terrain,No junction,Asphalt,Dry,Daylight,Normal,Vehicle with vehicle collision,1,Going straight,Not a Pedestrian,Driving carelessly,Slight Injury
Afternoon Rush,Thursday,0,Male,High school,Employee,Above 10yr,Unknown,Owner,Two way,Tangent road with flat terrain,No junction,Asphalt,Dry,Daylight,Normal,Vehicle with vehicle collision,3,Reversing,Not a Pedestrian,No distancing,Slight Injury
Afternoon Rush,Thursday,0,Male,High school,Employee,Above 10yr,Dry 2,Owner,Two way,Tangent road with flat terrain,No junction,Asphalt,Dry,Daylight,Normal,Vehicle with vehicle collision,3,Going straight,Not a Pedestrian,Driving carelessly,Slight Injury
Afternoon Rush,Thursday,0,Male,High school,Employee,Above 10yr,Dry 2,Owner,Two way,Tangent road with flat terrain,No junction,Asphalt,Dry,Daylight,Normal,Vehicle with vehicle collision,3,Stopping,Not a Pedestrian,Changing lane,Slight Injury
Afternoon Rush,Thursday,1,Female,High school,Employee,Above 10yr,Dry 1,Owner,Two way,Tangent road with flat terrain,No junction,Asphalt,Dry,Daylight,Normal,Vehicle with vehicle collision,3,Overtaking,Not a Pedestrian,No priority to vehicle,Slight Injury
Afternoon Rush,Friday,3,Male,High school,Employee,Above 10yr,Dry 2,Owner,Two way,Tangent road with flat terrain,X Shape,Asphalt,Dry,Daylight,Normal,Vehicle with vehicle collision,4,Going straight,Not a Pedestrian,Changing lane,Slight Injury
Afternoon Rush,Friday,1,Male,High school,Employee,5-10yr,Public 1,Owner,Unknown,Tangent road with flat terrain,X Shape,Earth roads,Dry,Daylight,Normal,Vehicle with vehicle collision,4,Reversing,Not a Pedestrian,No distancing,Slight Injury
Afternoon Rush,Friday,3,Male,High school,Employee,1-5 yr,Unknown,Owner,Two-way (divided with broken lines road marking),Tangent road with flat terrain,X Shape,Asphalt,Dry,Daylight,Normal,Vehicle with vehicle collision,4,Going straight,Not a Pedestrian,Moving Backward,Slight Injury
Afternoon Rush,Friday,3,Male,High school,Employee,Below 1yr,Public 1,Owner,Two-way (divided with broken lines road marking),Tangent road with flat terrain,X Shape,Asphalt,Dry,Daylight,Normal,Vehicle with vehicle collision,4,Going straight,Pedestrian,Moving Backward,Slight Injury
Afternoon Rush,Wednesday,2,Male,High school,Employee,Below 1yr,Unknown,Owner,Two way,Tangent road with flat terrain,No junction,Asphalt,Dry,Daylight,Normal,Vehicle with vehicle collision,2,Reversing,Not a Pedestrian,No distancing,Slight Injury
Afternoon Rush,Wednesday,0,Male,High school,Employee,1-5 yr,Auto,Owner,Two way,Tangent road with flat terrain,No junction,Asphalt,Dry,Daylight,Normal,Vehicle with vehicle collision,2,Going straight,Not a Pedestrian,No distancing,Slight Injury
Afternoon Rush,Wednesday,0,Male,Elementary school,Employee,Below 1yr,Unknown,Owner,Two way,Tangent road with flat terrain,No junction,Earth roads,Dry,Daylight,Normal,Vehicle with vehicle collision,2,Waiting to go,Not a Pedestrian,No distancing,Slight Injury
Afternoon Rush,Saturday,1,Male,High school,Employee,Below 1yr,Dry 2,Unknown,Two-way (divided with broken lines road marking),Tangent road with flat terrain,Y Shape,Asphalt,Dry,Daylight,Normal,Vehicle with vehicle collision,1,Going straight,Pedestrian,No priority to pedestrian,Slight Injury
Afternoon Rush,Friday,0,Male,Unknown,Employee,5-10yr,Auto,Owner,Two-way (divided with broken lines road marking),Tangent road with flat terrain,No junction,Asphalt,Dry,Daylight,Normal,Vehicle with vehicle collision,3,Going straight,Not a Pedestrian,Changing lane,Slight Injury
Afternoon Rush,Friday,1,Male,Writing & reading,Employee,Below 1yr,Dry 2,Owner,Two-way (divided with broken lines road marking),Tangent road with flat terrain,No junction,Asphalt,Dry,Daylight,Normal,Vehicle with vehicle collision,3,Going straight,Not a Pedestrian,Changing lane,Slight Injury
Day Time,Tuesday,0,Male,High school,Employee,Below 1yr,Auto,Governmental,Two way,Tangent road with flat terrain,Y Shape,Asphalt,Dry,Daylight,Normal,Vehicle with vehicle collision,2,Getting off,Not a Pedestrian,Driving carelessly,Slight Injury
Day Time,Tuesday,3,Male,High school,Employee,1-5 yr,Auto,Owner,Two way,Tangent road with flat terrain,Y Shape,Asphalt,Dry,Daylight,Normal,Vehicle with vehicle collision,2,Going straight,Not a Pedestrian,Driving carelessly,Slight Injury
Night Time,Saturday,2,Male,Elementary school,Employee,Above 10yr,Auto,Owner,Two-way (divided with broken lines road marking),Tangent road with mild grade and flat terrain,Y Shape,Asphalt,Dry,Daylight,Normal,Collision with pedestrians,1,Going straight,Not a Pedestrian,No distancing,Serious Injury
Night Time,Friday,0,Male,Elementary school,Employee,Above 10yr,Public 1,Owner,Two-way (divided with broken lines road marking),Tangent road with mild grade and flat terrain,Y Shape,Asphalt,Dry,Darkness - lights lit,Normal,Vehicle with vehicle collision,2,Going straight,Not a Pedestrian,Unknown,Slight Injury
Night Time,Friday,1,Unknown,Elementary school,Employee,Below 1yr,Unknown,Owner,Two-way (divided with broken lines road marking),Tangent road with flat terrain,Y Shape,Unknown,Dry,Darkness - lights lit,Normal,Vehicle with vehicle collision,2,Reversing,Pedestrian,Changing lane,Slight Injury
Day Time,Saturday,0,Male,High school,Employee,1-5 yr,Unknown,Owner,Unknown,Tangent road with flat terrain,Y Shape,Asphalt,Dry,Daylight,Normal,Vehicle with vehicle collision,2,Turnover,Not a Pedestrian,Changing lane,Slight Injury
Day Time,Saturday,3,Male,High school,Employee,1-5 yr,Auto,Owner,Two-way (divided with broken lines road marking),Tangent road with flat terrain,Y Shape,Asphalt,Dry,Daylight,Normal,Vehicle with vehicle collision,2,Going straight,Not a Pedestrian,No distancing,Slight Injury
Morning Rush,Thursday,1,Male,High school,Employee,Above 10yr,Dry 1,Owner,Two-way (divided with broken lines road marking),Tangent road with flat terrain,No junction,Asphalt,Dry,Daylight,Normal,Vehicle with vehicle collision,2,Going straight,Not a Pedestrian,No distancing,Slight Injury
Morning Rush,Thursday,1,Male,High school,Employee,1-5 yr,Unknown,Owner,Two-way (divided with broken lines road marking),Tangent road with flat terrain,No junction,Asphalt,Dry,Daylight,Normal,Vehicle with vehicle collision,2,Going straight,Not a Pedestrian,Overturning,Slight Injury
Afternoon Rush,Thursday,3,Male,High school,Employee,1-5 yr,Auto,Owner,Unknown,Tangent road with flat terrain,No junction,Asphalt,Dry,Daylight,Normal,Vehicle with vehicle collision,2,Going straight,Not a Pedestrian,Driving at high speed,Slight Injury
Afternoon Rush,Thursday,3,Male,High school,Employee,1-5 yr,Public 1,Owner,Two way,Tangent road with flat terrain,No junction,Asphalt,Dry,Daylight,Normal,Vehicle with vehicle collision,2,Getting off,Not a Pedestrian,No priority to vehicle,Slight Injury
Day Time,Tuesday,3,Male,High school,Employee,5-10yr,Public (13?45 seats),Owner,Unknown,Unknown,Crossing,Asphalt,Dry,Daylight,Normal,Collision with pedestrians,2,Going straight,Not a Pedestrian,No priority to pedestrian,Slight Injury
Day Time,Tuesday,3,Male,High school,Employee,Below 1yr,Dry 1,Governmental,Unknown,Tangent road with mild grade and flat terrain,Crossing,Earth roads,Dry,Daylight,Normal,Vehicle with vehicle collision,2,Going straight,Not a Pedestrian,No priority to vehicle,Slight Injury