Time,Day_of_week,Age_band_of_driver,Sex_of_driver,Educational_level,Vehicle_driver_relation,Driving_experience,Type_of_vehicle,Owner_of_vehicle,Lanes_or_Medians,Road_allignment,Types_of_Junction,Road_surface_type,Road_surface_conditions,Light_conditions,Weather_conditions,Type_of_collision,Number_of_vehicles_involved,Vehicle_movement,Pedestrian_movement,Cause_of_accident,Accident_severity
Day Time,Friday,3,Male,High school,Employee,1-5 yr,Public 1,Owner,One way,Tangent road with flat terrain,Y Shape,Asphalt,Dry,Daylight,Normal,Vehicle with vehicle collision,2,Going straight,Not a Pedestrian,No priority to vehicle,Serious Injury
Day Time,Monday,1,Male,High school,Unknown,1-5 yr,Motorcycle,Owner,Two-way (divided with broken lines road marking),Tangent road with flat terrain,Crossing,Asphalt,Dry,Darkness - lights lit,Normal,Vehicle with vehicle collision,2,Going straight,Pedestrian,No priority to pedestrian,Slight Injury
Day Time,Monday,1,Male,High school,Employee,Above 10yr,Public 1,Governmental,Two way,Tangent road with flat terrain,Crossing,Asphalt,Dry,Darkness - lights lit,Normal,Vehicle with vehicle collision,2,Going straight,Not a Pedestrian,Changing lane,Slight Injury
Day Time,Thursday,0,Male,Elementary school,Employee,5-10yr,Dry 2,Owner,Unknown,Tangent road with flat terrain,No junction,Asphalt,Wet or damp,Daylight,Normal,Vehicle with vehicle collision,2,Going straight,Not a Pedestrian,Changing lane,Slight Injury
Afternoon Rush,Tuesday,0,Male,High school,Employee,5-10yr,Dry 2,Owner,Unknown,Tangent road with flat terrain,No junction,Asphalt,Wet or damp,Darkness - lights lit,Raining,Collision with pedestrians,2,Unknown,Not a Pedestrian,Driving to the left,Slight Injury
Afternoon Rush,Tuesday,1,Male,High school,Employee,1-5 yr,Auto,Owner,Unknown,Tangent road with flat terrain,No junction,Asphalt,Wet or damp,Darkness - lights lit,Raining,Collision with pedestrians,2,Moving Backward,Pedestrian,Changing lane,Slight Injury
Night Time,Saturday,0,Male,High school,Employee,1-5 yr,Dry 1,Owner,One way,Tangent road with flat terrain,No junction,Asphalt,Dry,Darkness - lights lit,Normal,Vehicle with vehicle collision,2,Unknown,Not a Pedestrian,Moving Backward,Slight Injury
Night Time,Saturday,3,Female,High school,Employee,Above 10yr,Auto,Owner,Two way,Tangent road with flat terrain,No junction,Asphalt,Dry,Darkness - lights lit,Normal,Vehicle with vehicle collision,2,Going straight,Not a Pedestrian,Driving at high speed,Slight Injury
Afternoon Rush,Thursday,0,Male,High school,Employee,1-5 yr,Auto,Owner,Two-way (divided with broken lines road marking),Tangent road with flat terrain,Crossing,Asphalt,Dry,Darkness - lights lit,Normal,Vehicle with vehicle collision,1,Going straight,Not a Pedestrian,Moving Backward,Slight Injury
Night Time,Thursday,3,Male,Elementary school,Employee,5-10yr,Unknown,Owner,Two-way (divided with broken lines road marking),Tangent road with flat terrain,Y Shape,Asphalt,Dry,Darkness - no lighting,Unknown,Vehicle with vehicle collision,2,Going straight,Not a Pedestrian,No distancing,Serious Injury
Night Time,Thursday,3,Male,Elementary school,Employee,1-5 yr,Unknown,Owner,Two-way (divided with broken lines road marking),Unknown,Y Shape,Earth roads,Dry,Darkness - no lighting,Unknown,Vehicle with vehicle collision,2,Unknown,Not a Pedestrian,Unknown,Serious Injury
Night Time,Thursday,0,Male,High school,Employee,Unknown,Auto,Governmental,Two-way (divided with broken lines road marking),Tangent road with flat terrain,Y Shape,Asphalt,Dry,Darkness - no lighting,Unknown,Vehicle with vehicle collision,2,Going straight,Not a Pedestrian,No priority to vehicle,Serious Injury
Afternoon Rush,Tuesday,1,Male,Unknown,Unknown,Unknown,Public (13?45 seats),Governmental,Unknown,Tangent road with flat terrain,Y Shape,Asphalt,Dry,Darkness - lights lit,Normal,Vehicle with vehicle collision,1,Unknown,Not a Pedestrian,Changing lane,Serious Injury
Night Time,Thursday,1,Male,Elementary school,Employee,5-10yr,Public (13?45 seats),Owner,Unknown,Tangent road with flat terrain,Y Shape,Asphalt,Dry,Darkness - lights lit,Normal,Vehicle with vehicle collision,1,Going straight,Not a Pedestrian,Unknown,Slight Injury
Day Time,Tuesday,3,Male,High school,Employee,1-5 yr,Auto,Owner,Two-way (divided with broken lines road marking),Tangent road with flat terrain,Crossing,Asphalt,Dry,Daylight,Normal,Vehicle with vehicle collision,2,Going straight,Not a Pedestrian,No distancing,Slight Injury
Day Time,Tuesday,3,Male,High school,Employee,5-10yr,Public 1,Owner,Two way,Tangent road with flat terrain,Crossing,Asphalt,Dry,Daylight,Normal,Vehicle with vehicle collision,2,Going straight,Not a Pedestrian,Driving carelessly,Slight Injury
Day Time,Friday,3,Male,High school,Employee,1-5 yr,Dry 2,Governmental,Unknown,Tangent road with flat terrain,Y Shape,Asphalt,Dry,Daylight,Normal,Vehicle with vehicle collision,2,Moving Backward,Not a Pedestrian,Moving Backward,Slight Injury
Day Time,Tuesday,0,Male,High school,Employee,1-5 yr,Auto,Owner,Two way,Tangent road with flat terrain,Y Shape,Asphalt,Dry,Daylight,Normal,Vehicle with vehicle collision,1,Moving Backward,Not a Pedestrian,No distancing,Slight Injury
Afternoon Rush,Thursday,0,Male,High school,Employee,5-10yr,Dry 1,Owner,Unknown,Tangent road with flat terrain,Y Shape,Asphalt,Dry,Darkness - lights lit,Normal,Vehicle with vehicle collision,2,Going straight,Pedestrian,Moving Backward,Serious Injury
Afternoon Rush,Thursday,2,Male,Illiterate,Employee,Unknown,Dry 1,Unknown,Two way,Tangent road with flat terrain,Y Shape,Asphalt,Dry,Darkness - lights lit,Normal,Vehicle with vehicle collision,2,Going straight,Not a Pedestrian,No priority to pedestrian,Serious Injury
Day Time,Monday,1,Male,High school,Employee,1-5 yr,Auto,Owner,Two way,Tangent road with flat terrain,Crossing,Asphalt,Wet or damp,Daylight,Unknown,Vehicle with vehicle collision,2,Going straight,Not a Pedestrian,No distancing,Slight Injury
Day Time,Tuesday,0,Male,High school,Employee,1-5 yr,Auto,Owner,Unknown,Tangent road with flat terrain,Crossing,Earth roads,Dry,Daylight,Normal,Vehicle with vehicle collision,2,Going straight,Not a Pedestrian,Unknown,Slight Injury
Day Time,Tuesday,3,Male,High school,Employee,Above 10yr,Motorcycle,Owner,Two-way (divided with broken lines road marking),Tangent road with flat terrain,Crossing,Asphalt,Dry,Daylight,Normal,Vehicle with vehicle collision,2,Going straight,Not a Pedestrian,No distancing,Slight Injury
Day Time,Tuesday,3,Male,High school,Owner,5-10yr,Unknown,Owner,Unknown,Tangent road with flat terrain,Crossing,Asphalt,Dry,Daylight,Normal,Vehicle with vehicle collision,2,Going straight,Not a Pedestrian,No priority to pedestrian,Slight Injury
Afternoon Rush,Tuesday,1,Male,High school,Employee,1-5 yr,Unknown,Owner,Unknown,Steep grade downward with mountainous terrain,No junction,Asphalt,Dry,Daylight,Normal,Vehicle with vehicle collision,1,Going straight,Not a Pedestrian,Moving Backward,Slight Injury
Day Time,Wednesday,0,Male,High school,Employee,Above 10yr,Auto,Owner,Two-way (divided with broken lines road marking),Tangent road with mild grade and flat terrain,No junction,Earth roads,Dry,Daylight,Normal,Collision with roadside objects,2,Going straight,Not a Pedestrian,No priority to pedestrian,Slight Injury
Day Time,Wednesday,1,Male,High school,Employee,1-5 yr,Auto,Owner,Unknown,Steep grade downward with mountainous terrain,No junction,Asphalt,Dry,Daylight,Normal,Collision with roadside objects,2,Going straight,Not a Pedestrian,No distancing,Slight Injury
Day Time,Sunday,2,Male,High school,Employee,1-5 yr,Unknown,Owner,Two way,Tangent road with flat terrain,Y Shape,Asphalt,Wet or damp,Daylight,Raining,Vehicle with vehicle collision,2,Going straight,Not a Pedestrian,No priority to pedestrian,Slight Injury
Day Time,Sunday,2,Male,High school,Employee,Above 10yr,Public (> 45 seats),Owner,Two way,Tangent road with flat terrain,Y Shape,Asphalt,Wet or damp,Daylight,Raining,Vehicle with vehicle collision,2,Unknown,Not a Pedestrian,Driving carelessly,Slight Injury
Day Time,Monday,0,Male,High school,Employee,1-5 yr,Auto,Owner,Two-way (divided with broken lines road marking),Tangent road with flat terrain,Y Shape,Asphalt,Dry,Daylight,Normal,Vehicle with vehicle collision,2,Unknown,Not a Pedestrian,Getting off the vehicle improperly,Slight Injury
Day Time,Monday,3,Male,Elementary school,Employee,5-10yr,Unknown,Owner,Two way,Tangent road with flat terrain,Y Shape,Asphalt,Dry,Daylight,Normal,Vehicle with vehicle collision,2,Getting off,Not a Pedestrian,Driving carelessly,Slight Injury
Night Time,Thursday,0,Male,Unknown,Unknown,Unknown,Auto,Owner,Two way,Tangent road with flat terrain,Crossing,Asphalt,Wet or damp,Darkness - lights lit,Normal,Collision with roadside objects,3,Going straight,Not a Pedestrian,Changing lane,Slight Injury
Night Time,Thursday,1,Male,Elementary school,Employee,1-5 yr,Unknown,Owner,Unknown,Tangent road with flat terrain,Crossing,Asphalt,Wet or damp,Darkness - lights lit,Normal,Vehicle with vehicle collision,3,Going straight,Not a Pedestrian,No priority to vehicle,Slight Injury
Night Time,Thursday,1,Male,Elementary school,Employee,5-10yr,Dry 2,Owner,Two-way (divided with broken lines road marking),Tangent road with flat terrain,Crossing,Asphalt,Wet or damp,Darkness - lights lit,Normal,Collision with roadside objects,3,Going straight,Not a Pedestrian,Changing lane,Slight Injury
Night Time,Thursday,1,Male,Elementary school,Employee,5-10yr,Dry 1,Owner,Two-way (divided with broken lines road marking),Tangent road with flat terrain,Crossing,Asphalt,Wet or damp,Darkness - lights lit,Normal,Collision with roadside objects,3,Unknown,Not a Pedestrian,Changing lane,Slight Injury
Day Time,Sunday,0,Male,High school,Employee,1-5 yr,Public (13?45 seats),Owner,Two way,Tangent road with mountainous terrain and,Crossing,Asphalt,Wet or damp,Daylight,Raining,Collision with pedestrians,2,Going straight,Not a Pedestrian,No distancing,Slight Injury
Day Time,Sunday,3,Male,High school,Employee,5-10yr,Auto,Owner,Two way,Tangent road with flat terrain,Crossing,Asphalt,Wet or damp,Daylight,Raining,Vehicle with vehicle collision,2,Moving Backward,Not a Pedestrian,No distancing,Slight Injury
Night Time,Saturday,1,Male,High school,Employee,5-10yr,Dry 1,Owner,Two way,Tangent road with flat terrain,Crossing,Asphalt,Dry,Darkness - lights lit,Normal,Collision with roadside objects,1,Unknown,Not a Pedestrian,Changing lane,Serious Injury
Afternoon Rush,Tuesday,0,Male,High school,Employee,1-5 yr,Auto,Owner,Two-way (divided with broken lines road marking),Tangent road with flat terrain,Y Shape,Asphalt,Dry,Darkness - lights lit,Normal,Vehicle with vehicle collision,1,Going straight,Not a Pedestrian,Changing lane,Slight Injury
Morning Rush,Thursday,0,Male,High school,Employee,1-5 yr,Dry 2,Owner,Unknown,Tangent road with flat terrain,Unknown,Asphalt,Dry,Daylight,Normal,Vehicle with vehicle collision,2,Going straight,Pedestrian,No priority to vehicle,Slight Injury
Morning Rush,Thursday,3,Male,High school,Employee,5-10yr,Auto,Owner,Unknown,Steep grade downward with mountainous terrain,Unknown,Asphalt,Dry,Daylight,Normal,Vehicle with vehicle collision,2,Going straight,Not a Pedestrian,Changing lane,Slight Injury
Night Time,Sunday,0,Male,High school,Employee,Below 1yr,Dry 2,Governmental,Two way,Tangent road with flat terrain,Crossing,Asphalt,Dry,Darkness - lights lit,Normal,Vehicle with vehicle collision,2,Unknown,Not a Pedestrian,No priority to vehicle,Slight Injury
Night Time,Sunday,1,Male,High school,Employee,5-10yr,Dry 2,Owner,Two-way (divided with broken lines road marking),Steep grade downward with mountainous terrain,Crossing,Asphalt,Dry,Darkness - lights lit,Normal,Vehicle with vehicle collision,2,Going straight,Not a Pedestrian,Moving Backward,Slight Injury
Day Time,Wednesday,1,Male,High school,Owner,5-10yr,Dry 2,Owner,Two-way (divided with broken lines road marking),Tangent road with rolling terrain,Crossing,Asphalt,Wet or damp,Daylight,Normal,Vehicle with vehicle collision,1,Going straight,Not a Pedestrian,Turnover,Slight Injury
Night Time,Saturday,1,Male,Unknown,Owner,5-10yr,Public (13?45 seats),Governmental,Two-way (divided with broken lines road marking),Tangent road with flat terrain,Unknown,Asphalt,Dry,Darkness - lights lit,Normal,Collision with roadside objects,2,Going straight,Not a Pedestrian,No distancing,Slight Injury
Night Time,Saturday,1,Male,High school,Employee,5-10yr,Auto,Unknown,Unknown,Tangent road with mild grade and flat terrain,Unknown,Asphalt,Dry,Darkness - lights lit,Normal,Vehicle with vehicle collision,2,Going straight,Not a Pedestrian,No distancing,Slight Injury
Day Time,Wednesday,0,Male,High school,Employee,1-5 yr,Unknown,Owner,Two-way (divided with broken lines road marking),Tangent road with mild grade and flat terrain,Y Shape,Earth roads,Wet or damp,Daylight,Raining,Collision with roadside objects,1,Going straight,Not a Pedestrian,No distancing,Slight Injury
Afternoon Rush,Monday,2,Male,High school,Employee,5-10yr,Unknown,Governmental,Two way,Tangent road with flat terrain,Y Shape,Asphalt,Dry,Darkness - lights lit,Normal,Vehicle with vehicle collision,4,Going straight,Not a Pedestrian,Changing lane,Slight Injury
Afternoon Rush,Monday,0,Male,High school,Employee,Above 10yr,Unknown,Owner,Two-way (divided with broken lines road marking),Tangent road with flat terrain,Y Shape,Asphalt,Dry,Darkness - lights lit,Normal,Vehicle with vehicle collision,4,Going straight,Not a Pedestrian,No priority to vehicle,Slight Injury
Afternoon Rush,Monday,3,Female,High school,Employee,Below 1yr,Auto,Owner,Two way,Tangent road with flat terrain,Y Shape,Unknown,Dry,Darkness - lights lit,Normal,Vehicle with vehicle collision,4,Going straight,Not a Pedestrian,Driving at high speed,Slight Injury
Afternoon Rush,Monday,3,Female,Elementary school,Employee,5-10yr,Unknown,Owner,Two-way (divided with broken lines road marking),Tangent road with flat terrain,Y Shape,Asphalt,Dry,Darkness - lights lit,Normal,Collision with roadside objects,4,Going straight,Not a Pedestrian,Overtaking,Slight Injury
Night Time,Thursday,0,Male,Elementary school,Employee,1-5 yr,Dry 2,Organization,Unknown,Tangent road with flat terrain,Crossing,Asphalt,Dry,Darkness - lights lit,Normal,Collision with roadside objects,2,Going straight,Not a Pedestrian,Unknown,Slight Injury
Night Time,Thursday,1,Male,High school,Employee,1-5 yr,Public 1,Owner,Two-way (divided with broken lines road marking),Tangent road with flat terrain,Crossing,Asphalt,Dry,Darkness - lights lit,Normal,Vehicle with vehicle collision,2,Going straight,Not a Pedestrian,Changing lane,Slight Injury
Day Time,Tuesday,3,Male,High school,Employee,1-5 yr,Public 1,Owner,Two-way (divided with broken lines road marking),Tangent road with mild grade and flat terrain,Unknown,Asphalt,Dry,Daylight,Normal,Vehicle with vehicle collision,1,Going straight,Not a Pedestrian,Changing lane,Serious Injury
Night Time,Friday,0,Male,High school,Employee,1-5 yr,Dry 2,Owner,Two-way (divided with broken lines road marking),Tangent road with flat terrain,No junction,Asphalt,Wet or damp,Daylight,Raining,Vehicle with vehicle collision,2,Going straight,Not a Pedestrian,No distancing,Slight Injury
Night Time,Friday,1,Male,High school,Employee,Above 10yr,Unknown,Owner,Two-way (divided with broken lines road marking),Tangent road with flat terrain,No junction,Asphalt,Wet or damp,Daylight,Raining,Vehicle with vehicle collision,2,Going straight,Not a Pedestrian,Moving Backward,Slight Injury
Morning Rush,Sunday,1,Male,High school,Employee,Below 1yr,Dry 2,Owner,Two way,Tangent road with flat terrain,Crossing,Asphalt,Dry,Daylight,Normal,Vehicle with vehicle collision,2,Going straight,Not a Pedestrian,Changing lane,Slight Injury
Morning Rush,Sunday,0,Male,High school,Employee,1-5 yr,Unknown,Owner,Two way,Tangent road with flat terrain,Crossing,Asphalt,Dry,Daylight,Normal,Vehicle with vehicle collision,2,Turnover,Not a Pedestrian,Unknown,Slight Injury
Morning Rush,Tuesday,0,Male,High school,Employee,Above 10yr,Dry 2,Owner,Two-way (divided with broken lines road marking),Tangent road with flat terrain,Unknown,Asphalt,Dry,Daylight,Normal,Collision with roadside objects,3,Going straight,Not a Pedestrian,Moving Backward,Slight Injury
Morning Rush,Tuesday,1,Male,High school,Employee,5-10yr,Unknown,Unknown,Unknown,Tangent road with flat terrain,Unknown,Asphalt,Dry,Daylight,Normal,Collision with roadside objects,3,Going straight,Not a Pedestrian,No distancing,Slight Injury
Morning Rush,Tuesday,3,Female,High school,Employee,Above 10yr,Unknown,Owner,Two way,Tangent road with mild grade and flat terrain,Unknown,Asphalt,Dry,Daylight,Normal,Vehicle with vehicle collision,3,Moving Backward,Not a Pedestrian,Changing lane,Slight Injury
Day Time,Friday,0,Male,High school,Employee,1-5 yr,Auto,Owner,Two-way (divided with broken lines road marking),Tangent road with flat terrain,O Shape,Asphalt,Wet or damp,Daylight,Raining,Vehicle with vehicle collision,3,Going straight,Not a Pedestrian,Changing lane,Slight Injury
Day Time,Friday,1,Male,High school,Employee,1-5 yr,Dry 2,Owner,Unknown,Tangent road with flat terrain,O Shape,Asphalt,Wet or damp,Daylight,Raining,Vehicle with vehicle collision,3,Moving Backward,Not a Pedestrian,No priority to pedestrian,Slight Injury
Day Time,Friday,1,Male,Elementary school,Employee,1-5 yr,Dry 1,Owner,Unknown,Tangent road with flat terrain,O Shape,Asphalt,Wet or damp,Daylight,Raining,Vehicle with vehicle collision,3,Going straight,Not a Pedestrian,Changing lane,Slight Injury
Day Time,Friday,3,Female,Elementary school,Unknown,5-10yr,Auto,Owner,Two way,Tangent road with flat terrain,O Shape,Asphalt,Wet or damp,Daylight,Raining,Collision with pedestrians,3,Going straight,Not a Pedestrian,Driving carelessly,Slight Injury
Night Time,Friday,0,Male,High school,Employee,5-10yr,Unknown,Owner,Two-way (divided with broken lines road marking),Tangent road with flat terrain,Crossing,Asphalt,Wet or damp,Darkness - lights lit,Unknown,Collision with pedestrians,1,Going straight,Not a Pedestrian,Driving carelessly,Serious Injury
Night Time,Tuesday,0,Male,High school,Owner,5-10yr,Unknown,Owner,One way,Tangent road with flat terrain,No junction,Asphalt,Dry,Darkness - lights lit,Normal,Vehicle with vehicle collision,1,Unknown,Not a Pedestrian,No priority to pedestrian,Slight Injury
Morning Rush,Monday,0,Male,High school,Employee,Above 10yr,Auto,Governmental,Two-way (divided with broken lines road marking),Tangent road with flat terrain,No junction,Asphalt,Wet or damp,Daylight,Normal,Vehicle with vehicle collision,2,Unknown,Not a Pedestrian,Getting off the vehicle improperly,Slight Injury
Morning Rush,Monday,0,Male,High school,Employee,Below 1yr,Auto,Owner,Two way,Tangent road with flat terrain,No junction,Gravel roads,Wet or damp,Daylight,Normal,Vehicle with vehicle collision,2,Going straight,Not a Pedestrian,No distancing,Slight Injury
Afternoon Rush,Tuesday,3,Male,High school,Unknown,Below 1yr,Unknown,Owner,Two way,Tangent road with flat terrain,Y Shape,Asphalt,Dry,Daylight,Normal,Vehicle with vehicle collision,3,Reversing,Not a Pedestrian,Changing lane,Slight Injury
Afternoon Rush,Tuesday,1,Male,High school,Employee,Above 10yr,Unknown,Owner,Two-way (divided with broken lines road marking),Tangent road with flat terrain,Y Shape,Asphalt,Dry,Daylight,Normal,Vehicle with vehicle collision,3,Going straight,Not a Pedestrian,No priority to vehicle,Slight Injury
Afternoon Rush,Tuesday,0,Female,High school,Owner,5-10yr,Two way,Owner,Two-way (divided with broken lines road marking),Tangent road with flat terrain,Y Shape,Asphalt,Dry,Daylight,Normal,Vehicle with vehicle collision,3,Going straight,Not a Pedestrian,No distancing,Slight Injury
Night Time,Monday,3,Female,Elementary school,Owner,5-10yr,Unknown,Unknown,Two way,Tangent road with mountainous terrain and,Crossing,Asphalt,Dry,Darkness - lights lit,Normal,Vehicle with vehicle collision,2,Going straight,Not a Pedestrian,No priority to pedestrian,Slight Injury
Night Time,Monday,0,Male,High school,Employee,1-5 yr,Unknown,Owner,Two way,Tangent road with flat terrain,Crossing,Asphalt,Dry,Darkness - lights lit,Normal,Vehicle with vehicle collision,2,Going straight,Not a Pedestrian,No priority to pedestrian,Slight Injury
Night Time,Friday,3,Female,High school,Employee,1-5 yr,Dry 2,Governmental,Two-way (divided with broken lines road marking),Tangent road with flat terrain,No junction,Asphalt,Dry,Darkness - no lighting,Normal,Vehicle with vehicle collision,1,Moving Backward,Not a Pedestrian,No priority to vehicle,Slight Injury
Night Time,Friday,3,Female,High school,Employee,5-10yr,Dry 2,Owner,Two-way (divided with broken lines road marking),Tangent road with mild grade and flat terrain,No junction,Asphalt,Dry,Darkness - no lighting,Normal,Vehicle with vehicle collision,1,Going straight,Pedestrian,Driving carelessly,Slight Injury
Morning Rush,Monday,0,Male,High school,Owner,1-5 yr,Dry 2,Owner,Unknown,Tangent road with flat terrain,Crossing,Asphalt,Dry,Daylight,Normal,Collision with roadside objects,2,Going straight,Not a Pedestrian,Changing lane,Slight Injury
Morning Rush,Monday,0,Male,Unknown,Unknown,Unknown,Auto,Owner,Two-way (divided with broken lines road marking),Tangent road with flat terrain,Crossing,Asphalt,Dry,Daylight,Normal,Rollover,2,Going straight,Pedestrian,Changing lane,Slight Injury
Morning Rush,Wednesday,0,Male,High school,Employee,1-5 yr,Dry 2,Owner,Two way,Tangent road with flat terrain,Y Shape,Asphalt,Dry,Daylight,Normal,Vehicle with vehicle collision,2,Going straight,Not a Pedestrian,Moving Backward,Slight Injury
Morning Rush,Wednesday,0,Male,High school,Employee,5-10yr,Auto,Owner,One way,Tangent road with flat terrain,Y Shape,Asphalt,Dry,Daylight,Normal,Vehicle with vehicle collision,2,Going straight,Not a Pedestrian,Driving carelessly,Slight Injury
Day Time,Thursday,0,Male,High school,Employee,1-5 yr,Auto,Governmental,Two way,Tangent road with flat terrain,No junction,Asphalt,Dry,Daylight,Normal,Vehicle with vehicle collision,1,Moving Backward,Not a Pedestrian,Driving to the left,Serious Injury
Day Time,Saturday,2,Male,Elementary school,Employee,1-5 yr,Dry 1,Owner,Two way,Tangent road with flat terrain,No junction,Asphalt,Dry,Daylight,Normal,Vehicle with vehicle collision,1,Going straight,Not a Pedestrian,Driving to the left,Serious Injury
Night Time,Thursday,0,Male,High school,Employee,Unknown,Public 1,Owner,One way,Tangent road with mild grade and flat terrain,Crossing,Asphalt,Dry,Darkness - lights lit,Normal,Vehicle with vehicle collision,1,Going straight,Not a Pedestrian,No priority to pedestrian,Slight Injury
Night Time,Sunday,0,Male,High school,Owner,1-5 yr,Auto,Owner,Two way,Tangent road with flat terrain,Y Shape,Asphalt,Dry,Darkness - lights lit,Normal,Collision with roadside objects,2,Moving Backward,Not a Pedestrian,Changing lane,Slight Injury
Night Time,Sunday,0,Male,High school,Employee,1-5 yr,Dry 2,Owner,Two way,Tangent road with flat terrain,Y Shape,Asphalt,Dry,Darkness - lights lit,Normal,Vehicle with vehicle collision,2,Going straight,Not a Pedestrian,Driving carelessly,Slight Injury
Night Time,Sunday,0,Male,Elementary school,Employee,Above 10yr,Public (> 45 seats),Owner,Two-way (divided with broken lines road marking),Tangent road with flat terrain,Y Shape,Gravel roads,Dry,Darkness - lights lit,Normal,Collision with roadside objects,2,Turnover,Not a Pedestrian,No distancing,Slight Injury
Night Time,Sunday,1,Male,High school,Employee,1-5 yr,Unknown,Owner,Two-way (divided with broken lines road marking),Tangent road with mild grade and flat terrain,Y Shape,Asphalt,Dry,Darkness - lights lit,Normal,Vehicle with vehicle collision,2,Turnover,Pedestrian,Getting off the vehicle improperly,Slight Injury
Night Time,Sunday,1,Male,High school,Employee,1-5 yr,Auto,Owner,Two way,Tangent road with flat terrain,Y Shape,Asphalt,Dry,Darkness - lights lit,Normal,Vehicle with vehicle collision,2,Going straight,Not a Pedestrian,Changing lane,Slight Injury
Day Time,Saturday,1,Male,High school,Employee,1-5 yr,Auto,Owner,Two way,Tangent road with flat terrain,Crossing,Asphalt,Wet or damp,Daylight,Normal,Vehicle with vehicle collision,1,Going straight,Pedestrian,Driving carelessly,Slight Injury
Night Time,Monday,1,Male,Elementary school,Employee,1-5 yr,Dry 2,Owner,Two way,Tangent road with flat terrain,Crossing,Asphalt,Dry,Daylight,Normal,Vehicle with vehicle collision,2,Going straight,Not a Pedestrian,Moving Backward,Serious Injury
Night Time,Monday,1,Male,High school,Employee,1-5 yr,Auto,Owner,Two way,Tangent road with flat terrain,Crossing,Asphalt,Dry,Daylight,Normal,Vehicle with vehicle collision,2,Going straight,Not a Pedestrian,Turnover,Serious Injury
Night Time,Monday,1,Male,Elementary school,Employee,5-10yr,Public (13?45 seats),Owner,Unknown,Tangent road with flat terrain,Crossing,Asphalt,Dry,Daylight,Normal,Collision with pedestrians,2,Going straight,Not a Pedestrian,Changing lane,Serious Injury
Night Time,Monday,1,Male,High school,Employee,Above 10yr,Public (> 45 seats),Owner,Two way,Tangent road with flat terrain,Y Shape,Asphalt,Wet or damp,Darkness - lights lit,Normal,Collision with roadside objects,2,Moving Backward,Not a Pedestrian,No priority to vehicle,Slight Injury
Day Time,Friday,3,Male,High school,Employee,Above 10yr,Dry 2,Owner,Unknown,Steep grade downward with mountainous terrain,O Shape,Asphalt,Dry,Daylight,Normal,Vehicle with vehicle collision,1,Unknown,Not a Pedestrian,Moving Backward,Slight Injury
Day Time,Monday,0,Male,High school,Employee,Above 10yr,Auto,Owner,One way,Tangent road with flat terrain,Crossing,Asphalt,Dry,Daylight,Normal,Collision with roadside objects,2,Going straight,Not a Pedestrian,Changing lane,Slight Injury
Day Time,Monday,3,Male,High school,Employee,5-10yr,Dry 1,Owner,Two way,Tangent road with flat terrain,Crossing,Asphalt,Dry,Daylight,Normal,Vehicle with vehicle collision,2,Going straight,Not a Pedestrian,Overturning,Slight Injury
Day Time,Saturday,3,Male,High school,Owner,1-5 yr,Public (13?45 seats),Owner,Two way,Tangent road with flat terrain,Y Shape,Asphalt,Wet or damp,Daylight,Raining,Vehicle with vehicle collision,3,Going straight,Not a Pedestrian,No distancing,Slight Injury
Day Time,Saturday,1,Male,Elementary school,Employee,1-5 yr,Public (13?45 seats),Owner,Two-way (divided with broken lines road marking),Tangent road with flat terrain,Y Shape,Asphalt,Wet or damp,Daylight,Raining,Collision with pedestrians,3,Going straight,Not a Pedestrian,Driving carelessly,Slight Injury
Day Time,Saturday,3,Male,High school,Employee,5-10yr,Dry 2,Owner,Two-way (divided with broken lines road marking),Tangent road with flat terrain,Y Shape,Asphalt,Dry,Daylight,Normal,Vehicle with vehicle collision,2,Going straight,Not a Pedestrian,Changing lane,Slight Injury
Day Time,Saturday,0,Male,Unknown,Unknown,Unknown,Dry 2,Owner,Two-way (divided with broken lines road marking),Tangent road with flat terrain,Y Shape,Asphalt,Dry,Daylight,Normal,Vehicle with vehicle collision,2,Going straight,Not a Pedestrian,No priority to pedestrian,Slight Injury
Day Time,Thursday,0,Male,Elementary school,Owner,5-10yr,Dry 1,Owner,Two way,Tangent road with flat terrain,Crossing,Asphalt,Dry,Daylight,Normal,Vehicle with vehicle collision,2,Going straight,Not a Pedestrian,No distancing,Slight Injury
Day Time,Thursday,3,Male,High school,Unknown,Above 10yr,Dry 2,Governmental,Two way,Tangent road with flat terrain,Crossing,Asphalt,Dry,Daylight,Normal,Collision with pedestrians,2,Going straight,Not a Pedestrian,No distancing,Slight Injury
Night Time,Saturday,0,Male,High school,Employee,Above 10yr,Public 1,Owner,Unknown,Steep grade downward with mountainous terrain,Y Shape,Asphalt,Dry,Darkness - lights lit,Normal,Vehicle with vehicle collision,3,Going straight,Not a Pedestrian,Changing lane,Slight Injury
Night Time,Saturday,1,Male,High school,Employee,1-5 yr,Unknown,Owner,Unknown,Steep grade downward with mountainous terrain,Y Shape,Asphalt,Dry,Darkness - lights lit,Normal,Vehicle with vehicle collision,3,Going straight,Not a Pedestrian,No distancing,Slight Injury