Time,Day_of_week,Age_band_of_driver,Sex_of_driver,Educational_level,Vehicle_driver_relation,Driving_experience,Type_of_vehicle,Owner_of_vehicle,Lanes_or_Medians,Road_allignment,Types_of_Junction,Road_surface_type,Road_surface_conditions,Light_conditions,Weather_conditions,Type_of_collision,Number_of_vehicles_involved,Vehicle_movement,Pedestrian_movement,Cause_of_accident,Accident_severity
Day Time,Wednesday,1,Female,High school,Employee,5-10yr,Auto,Governmental,Two way,Tangent road with flat terrain,Unknown,Asphalt,Dry,Daylight,Normal,Vehicle with vehicle collision,2,Going straight,Not a Pedestrian,No distancing,Slight Injury
Day Time,Thursday,0,Male,Elementary school,Employee,5-10yr,Public (> 45 seats),Owner,Two-way (divided with broken lines road marking),Tangent road with flat terrain,Unknown,Asphalt,Dry,Daylight,Normal,Vehicle with vehicle collision,3,Going straight,Not a Pedestrian,No distancing,Slight Injury
Day Time,Thursday,0,Male,Unknown,Owner,5-10yr,Dry 2,Owner,Two way,Tangent road with mild grade and flat terrain,Unknown,Asphalt,Dry,Daylight,Normal,Vehicle with vehicle collision,3,Going straight,Not a Pedestrian,Changing lane,Slight Injury
Night Time,Wednesday,0,Male,High school,Employee,5-10yr,Auto,Owner,Two-way (divided with broken lines road marking),Tangent road with flat terrain,Unknown,Asphalt,Dry,Daylight,Normal,Vehicle with vehicle collision,3,Going straight,Not a Pedestrian,Changing lane,Slight Injury
Night Time,Wednesday,0,Male,High school,Owner,5-10yr,Dry 1,Owner,Unknown,Tangent road with mild grade and flat terrain,Unknown,Asphalt,Dry,Daylight,Normal,Vehicle with vehicle collision,2,Going straight,Pedestrian,Moving Backward,Slight Injury
Day Time,Friday,0,Male,High school,Employee,5-10yr,Public (13?45 seats),Owner,One way,Tangent road with flat terrain,Unknown,Asphalt,Wet or damp,Daylight,Raining,Vehicle with vehicle collision,1,Unknown,Not a Pedestrian,No priority to vehicle,Slight Injury
Day Time,Wednesday,3,Male,High school,Employee,1-5 yr,Dry 2,Owner,Unknown,Tangent road with flat terrain,Unknown,Asphalt,Dry,Daylight,Normal,Vehicle with vehicle collision,2,Going straight,Not a Pedestrian,Driving carelessly,Slight Injury
Day Time,Friday,1,Male,Elementary school,Employee,1-5 yr,Dry 2,Owner,Two way,Tangent road with flat terrain,Unknown,Asphalt,Dry,Daylight,Normal,Collision with roadside objects,2,Going straight,Not a Pedestrian,Driving carelessly,Slight Injury
Day Time,Friday,1,Male,Elementary school,Employee,1-5 yr,Dry 1,Owner,Two-way (divided with broken lines road marking),Tangent road with flat terrain,Unknown,Asphalt,Dry,Daylight,Normal,Vehicle with vehicle collision,2,Going straight,Not a Pedestrian,Driving under the influence of drugs,Slight Injury
Night Time,Tuesday,3,Male,Elementary school,Employee,5-10yr,Dry 2,Unknown,Two-way (divided with broken lines road marking),Tangent road with flat terrain,Unknown,Asphalt,Wet or damp,Daylight,Raining,Vehicle with vehicle collision,1,Going straight,Not a Pedestrian,No priority to pedestrian,Serious Injury
Night Time,Tuesday,3,Male,High school,Employee,5-10yr,Public 1,Owner,Two-way (divided with broken lines road marking),Tangent road with flat terrain,Unknown,Asphalt,Dry,Daylight,Normal,Unknown,2,Going straight,Pedestrian,No priority to vehicle,Slight Injury
Morning Rush,Thursday,0,Male,Unknown,Unknown,Unknown,Unknown,Owner,Two-way (divided with broken lines road marking),Tangent road with flat terrain,Unknown,Asphalt,Dry,Daylight,Normal,Collision with pedestrians,2,Going straight,Not a Pedestrian,Driving carelessly,Slight Injury
Morning Rush,Thursday,1,Male,High school,Employee,Above 10yr,Public 1,Governmental,Two-way (divided with broken lines road marking),Tangent road with flat terrain,Unknown,Asphalt,Dry,Daylight,Normal,Vehicle with vehicle collision,3,Going straight,Not a Pedestrian,Moving Backward,Slight Injury
Morning Rush,Thursday,0,Male,High school,Employee,Above 10yr,Unknown,Owner,Two way,Tangent road with flat terrain,Unknown,Asphalt,Dry,Daylight,Normal,Vehicle with vehicle collision,3,Going straight,Not a Pedestrian,Driving carelessly,Slight Injury
Morning Rush,Thursday,1,Unknown,High school,Owner,Above 10yr,Auto,Owner,Two way,Tangent road with flat terrain,Unknown,Asphalt,Dry,Daylight,Normal,Vehicle with vehicle collision,3,Moving Backward,Not a Pedestrian,No priority to vehicle,Slight Injury
Morning Rush,Wednesday,1,Male,High school,Employee,Unknown,Unknown,Owner,Two way,Tangent road with flat terrain,Unknown,Asphalt,Wet or damp,Daylight,Raining,Collision with pedestrians,2,Moving Backward,Not a Pedestrian,Changing lane,Slight Injury
Morning Rush,Wednesday,1,Female,High school,Employee,5-10yr,Dry 2,Owner,Two way,Tangent road with flat terrain,Unknown,Asphalt,Wet or damp,Daylight,Raining,Collision with roadside objects,2,Turnover,Not a Pedestrian,Changing lane,Slight Injury
Day Time,Tuesday,3,Male,High school,Employee,1-5 yr,Auto,Owner,Two way,Tangent road with flat terrain,Unknown,Asphalt,Dry,Daylight,Normal,Unknown,2,Unknown,Not a Pedestrian,No priority to vehicle,Serious Injury
Night Time,Friday,0,Male,Elementary school,Employee,5-10yr,Auto,Owner,Two way,Tangent road with flat terrain,Unknown,Asphalt,Dry,Daylight,Normal,Vehicle with vehicle collision,2,Unknown,Not a Pedestrian,Driving carelessly,Serious Injury
Night Time,Friday,0,Male,High school,Employee,1-5 yr,Dry 2,Owner,Two way,Tangent road with flat terrain,Unknown,Asphalt,Wet or damp,Daylight,Normal,Unknown,2,Going straight,Not a Pedestrian,Moving Backward,Slight Injury
Night Time,Friday,0,Male,High school,Owner,5-10yr,Auto,Owner,Two way,Tangent road with flat terrain,Unknown,Asphalt,Wet or damp,Daylight,Normal,Unknown,2,Going straight,Not a Pedestrian,No distancing,Slight Injury
Night Time,Friday,0,Male,High school,Employee,Above 10yr,Auto,Governmental,Two-way (divided with broken lines road marking),Tangent road with flat terrain,Unknown,Asphalt,Dry,Daylight,Normal,Unknown,2,Unknown,Pedestrian,Changing lane,Slight Injury
Night Time,Saturday,0,Female,High school,Employee,1-5 yr,Auto,Owner,Two way,Tangent road with flat terrain,Unknown,Asphalt,Dry,Daylight,Normal,Vehicle with vehicle collision,2,Unknown,Pedestrian,Changing lane,Slight Injury
Day Time,Tuesday,3,Male,High school,Owner,Above 10yr,Unknown,Owner,Two way,Tangent road with flat terrain,Unknown,Asphalt,Dry,Daylight,Normal,Collision with roadside objects,2,Reversing,Not a Pedestrian,Changing lane,Serious Injury
Day Time,Tuesday,3,Male,Elementary school,Employee,1-5 yr,Unknown,Owner,Two-way (divided with broken lines road marking),Tangent road with flat terrain,Unknown,Asphalt,Dry,Daylight,Normal,Collision with roadside objects,1,Unknown,Not a Pedestrian,Driving carelessly,Serious Injury
Day Time,Tuesday,3,Male,High school,Employee,Above 10yr,Auto,Owner,Two way,Tangent road with flat terrain,Unknown,Asphalt,Dry,Daylight,Normal,Vehicle with vehicle collision,1,Turnover,Not a Pedestrian,Changing lane,Serious Injury
Day Time,Tuesday,3,Male,Unknown,Unknown,Unknown,Dry 1,Owner,Two-way (divided with broken lines road marking),Tangent road with flat terrain,Unknown,Asphalt,Wet or damp,Daylight,Normal,Vehicle with vehicle collision,2,Going straight,Not a Pedestrian,No distancing,Slight Injury
Day Time,Tuesday,3,Male,High school,Owner,5-10yr,Unknown,Organization,Unknown,Tangent road with flat terrain,Unknown,Asphalt,Wet or damp,Daylight,Normal,Vehicle with vehicle collision,2,Going straight,Not a Pedestrian,Changing lane,Slight Injury
Morning Rush,Thursday,2,Male,High school,Employee,5-10yr,Auto,Owner,Two-way (divided with broken lines road marking),Tangent road with flat terrain,Unknown,Asphalt,Dry,Daylight,Normal,Vehicle with vehicle collision,2,Going straight,Not a Pedestrian,No distancing,Serious Injury
Morning Rush,Thursday,0,Male,High school,Employee,5-10yr,Public 1,Unknown,Two-way (divided with broken lines road marking),Tangent road with flat terrain,Unknown,Asphalt,Dry,Daylight,Normal,Vehicle with vehicle collision,2,Going straight,Not a Pedestrian,Driving to the left,Serious Injury
Night Time,Tuesday,0,Female,High school,Employee,Above 10yr,Public (13?45 seats),Organization,Two-way (divided with broken lines road marking),Tangent road with flat terrain,Unknown,Asphalt,Dry,Daylight,Normal,Rollover,2,Going straight,Not a Pedestrian,No distancing,Serious Injury
Night Time,Tuesday,0,Male,High school,Employee,1-5 yr,Dry 1,Owner,Unknown,Tangent road with flat terrain,Unknown,Asphalt,Dry,Daylight,Normal,Vehicle with vehicle collision,1,Going straight,Not a Pedestrian,Overtaking,Serious Injury
Afternoon Rush,Tuesday,0,Male,High school,Employee,1-5 yr,Auto,Owner,Unknown,Steep grade downward with mountainous terrain,Unknown,Earth roads,Wet or damp,Daylight,Normal,Collision with roadside objects,3,Going straight,Not a Pedestrian,Driving under the influence of drugs,Slight Injury
Afternoon Rush,Tuesday,1,Male,High school,Employee,Below 1yr,Two way,Owner,Two way,Tangent road with flat terrain,Unknown,Asphalt,Wet or damp,Daylight,Normal,Collision with pedestrians,3,Going straight,Not a Pedestrian,No priority to pedestrian,Slight Injury
Afternoon Rush,Tuesday,1,Male,High school,Employee,Above 10yr,Auto,Owner,Two way,Tangent road with flat terrain,Unknown,Unknown,Wet or damp,Daylight,Normal,Vehicle with vehicle collision,3,Going straight,Not a Pedestrian,Moving Backward,Slight Injury
Day Time,Saturday,3,Male,High school,Employee,1-5 yr,Auto,Owner,Unknown,Tangent road with flat terrain,Unknown,Unknown,Wet or damp,Daylight,Normal,Vehicle with vehicle collision,3,Unknown,Not a Pedestrian,Changing lane,Slight Injury
Day Time,Saturday,0,Male,High school,Employee,5-10yr,Auto,Owner,Two way,Tangent road with flat terrain,Unknown,Asphalt,Wet or damp,Daylight,Normal,Vehicle with vehicle collision,2,Going straight,Not a Pedestrian,Changing lane,Slight Injury
Day Time,Saturday,0,Male,High school,Employee,5-10yr,Unknown,Owner,Two-way (divided with broken lines road marking),Tangent road with flat terrain,Unknown,Earth roads,Wet or damp,Daylight,Normal,Vehicle with vehicle collision,2,Going straight,Not a Pedestrian,Changing lane,Slight Injury
Day Time,Saturday,3,Female,Elementary school,Owner,Below 1yr,Public 1,Owner,Two-way (divided with broken lines road marking),Tangent road with flat terrain,Unknown,Asphalt,Dry,Daylight,Unknown,Vehicle with vehicle collision,2,Moving Backward,Not a Pedestrian,Driving under the influence of drugs,Slight Injury
Day Time,Saturday,1,Male,Unknown,Unknown,Unknown,Auto,Owner,Two-way (divided with broken lines road marking),Tangent road with flat terrain,Unknown,Asphalt,Dry,Daylight,Unknown,Vehicle with vehicle collision,2,Going straight,Not a Pedestrian,No priority to vehicle,Slight Injury
Day Time,Monday,0,Male,High school,Employee,Above 10yr,Auto,Owner,Two way,Tangent road with flat terrain,Unknown,Earth roads,Wet or damp,Daylight,Unknown,Vehicle with vehicle collision,2,Moving Backward,Not a Pedestrian,No priority to vehicle,Slight Injury
Day Time,Monday,3,Male,High school,Unknown,Unknown,Auto,Owner,Two way,Tangent road with flat terrain,Unknown,Asphalt,Wet or damp,Daylight,Unknown,Collision with roadside objects,2,Unknown,Not a Pedestrian,Changing lane,Slight Injury
Day Time,Friday,3,Male,High school,Employee,1-5 yr,Public 1,Governmental,Two way,Tangent road with flat terrain,Unknown,Asphalt,Wet or damp,Daylight,Unknown,Rollover,2,Going straight,Not a Pedestrian,Changing lane,Slight Injury
Day Time,Friday,0,Male,High school,Owner,1-5 yr,Unknown,Owner,Two way,Tangent road with flat terrain,Unknown,Asphalt,Wet or damp,Daylight,Unknown,Vehicle with vehicle collision,2,Reversing,Not a Pedestrian,Changing lane,Slight Injury
Day Time,Thursday,0,Male,Unknown,Employee,Unknown,Auto,Owner,Two way,Tangent road with flat terrain,Unknown,Asphalt,Dry,Daylight,Normal,Collision with pedestrians,2,Going straight,Not a Pedestrian,Changing lane,Serious Injury
Day Time,Thursday,0,Male,High school,Employee,Above 10yr,Dry 2,Owner,Two way,Tangent road with flat terrain,Unknown,Asphalt,Dry,Daylight,Normal,Vehicle with vehicle collision,2,Unknown,Not a Pedestrian,Changing lane,Serious Injury
Day Time,Thursday,1,Male,High school,Employee,5-10yr,Public (> 45 seats),Owner,One way,Tangent road with flat terrain,Unknown,Asphalt,Dry,Daylight,Normal,Collision with pedestrians,3,Unknown,Not a Pedestrian,Overtaking,Slight Injury
Day Time,Thursday,1,Male,High school,Employee,1-5 yr,Unknown,Owner,Two way,Tangent road with flat terrain,Unknown,Asphalt,Dry,Daylight,Normal,Collision with pedestrians,3,Stopping,Not a Pedestrian,Changing lane,Slight Injury
Day Time,Thursday,0,Male,High school,Employee,1-5 yr,Public 1,Governmental,Two-way (divided with broken lines road marking),Tangent road with flat terrain,Unknown,Asphalt,Dry,Daylight,Normal,Vehicle with vehicle collision,3,Unknown,Not a Pedestrian,Driving under the influence of drugs,Slight Injury
Afternoon Rush,Thursday,0,Male,High school,Employee,1-5 yr,Auto,Owner,Unknown,Tangent road with flat terrain,Unknown,Asphalt,Wet or damp,Daylight,Raining,Vehicle with vehicle collision,2,Unknown,Not a Pedestrian,Moving Backward,Slight Injury
Night Time,Monday,0,Male,High school,Owner,5-10yr,Auto,Owner,Two-way (divided with broken lines road marking),Tangent road with flat terrain,Unknown,Asphalt,Dry,Daylight,Normal,Vehicle with vehicle collision,2,Going straight,Not a Pedestrian,No priority to vehicle,Slight Injury
Night Time,Monday,0,Male,High school,Employee,1-5 yr,Dry 2,Owner,Two way,Tangent road with flat terrain,Unknown,Asphalt,Dry,Daylight,Normal,Collision with roadside objects,3,Going straight,Not a Pedestrian,Overturning,Slight Injury
Afternoon Rush,Sunday,1,Male,High school,Employee,1-5 yr,Public 1,Owner,Two way,Tangent road with flat terrain,Unknown,Asphalt,Dry,Daylight,Normal,Vehicle with vehicle collision,3,Going straight,Not a Pedestrian,Changing lane,Slight Injury
Afternoon Rush,Sunday,0,Male,High school,Employee,1-5 yr,Dry 1,Owner,Two way,Tangent road with flat terrain,Unknown,Asphalt,Dry,Daylight,Normal,Vehicle with vehicle collision,3,Going straight,Not a Pedestrian,No distancing,Slight Injury
Afternoon Rush,Sunday,0,Male,High school,Employee,5-10yr,Auto,Owner,Two way,Tangent road with flat terrain,Unknown,Asphalt,Dry,Daylight,Normal,Vehicle with vehicle collision,1,Going straight,Not a Pedestrian,Moving Backward,Slight Injury
Afternoon Rush,Sunday,0,Male,High school,Employee,1-5 yr,Auto,Owner,Two way,Tangent road with flat terrain,Unknown,Asphalt,Dry,Darkness - lights lit,Normal,Vehicle with vehicle collision,4,Going straight,Not a Pedestrian,No priority to vehicle,Slight Injury
Night Time,Friday,1,Male,High school,Owner,1-5 yr,Auto,Unknown,Unknown,Tangent road with flat terrain,Unknown,Asphalt,Dry,Darkness - lights lit,Normal,Vehicle with vehicle collision,4,Going straight,Not a Pedestrian,No priority to vehicle,Slight Injury
Day Time,Thursday,1,Male,High school,Owner,1-5 yr,Bajaj,Owner,Unknown,Tangent road with flat terrain,Unknown,Asphalt,Dry,Darkness - lights lit,Normal,Vehicle with vehicle collision,4,Going straight,Not a Pedestrian,No distancing,Slight Injury
Day Time,Thursday,3,Male,Unknown,Employee,Unknown,Public 1,Owner,Two way,Tangent road with flat terrain,Unknown,Asphalt,Dry,Darkness - lights lit,Normal,Vehicle with vehicle collision,4,Going straight,Not a Pedestrian,No distancing,Slight Injury
Day Time,Friday,2,Male,High school,Owner,1-5 yr,Dry 1,Owner,Unknown,Tangent road with flat terrain,Unknown,Asphalt,Dry,Daylight,Normal,Vehicle with vehicle collision,3,Going straight,Not a Pedestrian,Overtaking,Slight Injury
Day Time,Friday,0,Male,High school,Unknown,Below 1yr,Unknown,Owner,One way,Steep grade downward with mountainous terrain,Unknown,Asphalt,Dry,Daylight,Normal,Vehicle with vehicle collision,3,Reversing,Not a Pedestrian,Driving under the influence of drugs,Slight Injury
Day Time,Monday,0,Male,High school,Employee,1-5 yr,Unknown,Owner,One way,Tangent road with flat terrain,Unknown,Asphalt,Dry,Daylight,Normal,Vehicle with vehicle collision,3,Going straight,Not a Pedestrian,Changing lane,Slight Injury
Day Time,Monday,0,Male,High school,Employee,1-5 yr,Auto,Owner,Two way,Tangent road with flat terrain,Unknown,Asphalt,Dry,Daylight,Normal,Vehicle with vehicle collision,2,Unknown,Not a Pedestrian,Changing lane,Slight Injury
Night Time,Thursday,0,Male,High school,Employee,Above 10yr,Dry 1,Governmental,One way,Tangent road with flat terrain,Unknown,Asphalt,Dry,Daylight,Normal,Vehicle with vehicle collision,2,Unknown,Not a Pedestrian,Driving carelessly,Slight Injury
Day Time,Wednesday,0,Male,High school,Employee,1-5 yr,Dry 2,Governmental,Unknown,Steep grade downward with mountainous terrain,Unknown,Asphalt,Dry,Daylight,Normal,Vehicle with vehicle collision,2,Getting off,Not a Pedestrian,Moving Backward,Slight Injury
Day Time,Wednesday,1,Male,High school,Employee,1-5 yr,Dry 1,Organization,Unknown,Tangent road with flat terrain,Unknown,Asphalt,Dry,Daylight,Normal,Vehicle with vehicle collision,2,Going straight,Not a Pedestrian,Moving Backward,Slight Injury
Night Time,Friday,1,Male,High school,Unknown,1-5 yr,Dry 1,Owner,Two way,Tangent road with flat terrain,Unknown,Asphalt,Dry,Daylight,Normal,Vehicle with vehicle collision,2,Going straight,Not a Pedestrian,Changing lane,Slight Injury
Night Time,Friday,0,Male,High school,Employee,Above 10yr,Auto,Owner,Two way,Tangent road with flat terrain,Unknown,Asphalt,Dry,Daylight,Normal,Collision with roadside objects,2,Going straight,Not a Pedestrian,No priority to vehicle,Slight Injury
Afternoon Rush,Saturday,0,Male,Elementary school,Employee,5-10yr,Unknown,Owner,Two-way (divided with broken lines road marking),Tangent road with flat terrain,Unknown,Asphalt,Dry,Daylight,Normal,Vehicle with vehicle collision,2,Going straight,Not a Pedestrian,Driving at high speed,Slight Injury
Afternoon Rush,Saturday,3,Male,High school,Employee,1-5 yr,Unknown,Owner,Two way,Tangent road with flat terrain,Unknown,Asphalt,Dry,Daylight,Normal,Vehicle with vehicle collision,2,Turnover,Not a Pedestrian,Driving under the influence of drugs,Slight Injury
Afternoon Rush,Saturday,3,Male,High school,Employee,5-10yr,Dry 1,Owner,Two way,Tangent road with flat terrain,Unknown,Gravel roads,Dry,Daylight,Normal,Vehicle with vehicle collision,1,Entering a junction,Pedestrian,Changing lane,Serious Injury
Afternoon Rush,Tuesday,0,Male,High school,Employee,1-5 yr,Unknown,Owner,Two-way (divided with broken lines road marking),Tangent road with flat terrain,Unknown,Asphalt,Dry,Daylight,Normal,Vehicle with vehicle collision,2,Entering a junction,Not a Pedestrian,Driving carelessly,Slight Injury
Afternoon Rush,Tuesday,0,Male,High school,Employee,1-5 yr,Auto,Owner,Unknown,Tangent road with flat terrain,Unknown,Asphalt,Dry,Daylight,Normal,Collision with pedestrians,2,Entering a junction,Not a Pedestrian,No distancing,Slight Injury
Day Time,Thursday,1,Male,High school,Employee,Above 10yr,Dry 2,Owner,Two-way (divided with broken lines road marking),Tangent road with flat terrain,Unknown,Asphalt,Dry,Daylight,Normal,Vehicle with vehicle collision,3,Entering a junction,Not a Pedestrian,Changing lane,Slight Injury
Day Time,Sunday,2,Male,High school,Employee,1-5 yr,Unknown,Owner,One way,Tangent road with flat terrain,Unknown,Asphalt,Dry,Daylight,Normal,Vehicle with vehicle collision,3,Unknown,Not a Pedestrian,No distancing,Slight Injury
Afternoon Rush,Friday,1,Male,Elementary school,Employee,5-10yr,Dry 2,Owner,One way,Tangent road with flat terrain,Unknown,Asphalt,Dry,Daylight,Normal,Vehicle with vehicle collision,3,Entering a junction,Not a Pedestrian,No distancing,Slight Injury
Afternoon Rush,Friday,1,Male,Elementary school,Employee,1-5 yr,Auto,Owner,Two way,Tangent road with flat terrain,Unknown,Asphalt,Dry,Daylight,Normal,Vehicle with vehicle collision,1,Turnover,Not a Pedestrian,Getting off the vehicle improperly,Slight Injury
Afternoon Rush,Friday,1,Male,High school,Employee,Unknown,Dry 1,Unknown,Two-way (divided with broken lines road marking),Tangent road with flat terrain,Unknown,Asphalt,Dry,Daylight,Normal,Vehicle with vehicle collision,2,Entering a junction,Not a Pedestrian,Overtaking,Slight Injury
Afternoon Rush,Sunday,3,Male,Unknown,Unknown,Unknown,Dry 2,Governmental,Unknown,Steep grade downward with mountainous terrain,Unknown,Asphalt,Dry,Daylight,Normal,Vehicle with vehicle collision,2,Entering a junction,Not a Pedestrian,Driving carelessly,Slight Injury
Afternoon Rush,Sunday,2,Male,Elementary school,Employee,5-10yr,Public (13?45 seats),Owner,Two-way (divided with broken lines road marking),Tangent road with flat terrain,Unknown,Asphalt,Dry,Daylight,Normal,Vehicle with vehicle collision,1,Entering a junction,Unknown,Driving under the influence of drugs,Serious Injury
Day Time,Monday,0,Male,High school,Employee,1-5 yr,Dry 2,Owner,Two-way (divided with broken lines road marking),Tangent road with flat terrain,Unknown,Asphalt,Dry,Daylight,Normal,Vehicle with vehicle collision,1,Entering a junction,Not a Pedestrian,Moving Backward,Serious Injury
Day Time,Monday,1,Male,High school,Employee,5-10yr,Auto,Owner,Two-way (divided with broken lines road marking),Tangent road with flat terrain,Unknown,Asphalt,Dry,Daylight,Normal,Collision with pedestrians,3,Entering a junction,Not a Pedestrian,Overturning,Slight Injury
Day Time,Monday,0,Male,High school,Employee,1-5 yr,Auto,Owner,One way,Tangent road with flat terrain,Unknown,Asphalt,Dry,Daylight,Normal,Vehicle with vehicle collision,3,Unknown,Not a Pedestrian,Driving under the influence of drugs,Slight Injury
Morning Rush,Thursday,0,Male,High school,Employee,1-5 yr,Unknown,Owner,Two way,Tangent road with flat terrain,Unknown,Asphalt,Dry,Daylight,Normal,Vehicle with vehicle collision,2,Going straight,Not a Pedestrian,Changing lane,Slight Injury
Morning Rush,Saturday,0,Male,High school,Employee,5-10yr,Dry 2,Owner,Two-way (divided with broken lines road marking),Tangent road with flat terrain,Unknown,Gravel roads,Dry,Daylight,Normal,Vehicle with vehicle collision,2,Unknown,Not a Pedestrian,No distancing,Slight Injury
Day Time,Friday,1,Male,Illiterate,Employee,Unknown,Public 1,Owner,Two-way (divided with broken lines road marking),Tangent road with flat terrain,Unknown,Asphalt,Dry,Daylight,Normal,Collision with roadside objects,2,Going straight,Not a Pedestrian,No distancing,Slight Injury
Day Time,Wednesday,0,Male,High school,Employee,5-10yr,Public 1,Governmental,Two-way (divided with broken lines road marking),Tangent road with flat terrain,Unknown,Asphalt,Dry,Daylight,Normal,Vehicle with vehicle collision,2,Going straight,Not a Pedestrian,No priority to vehicle,Slight Injury
Afternoon Rush,Thursday,0,Male,High school,Employee,1-5 yr,Unknown,Owner,Two way,Tangent road with flat terrain,Unknown,Asphalt,Dry,Daylight,Normal,Vehicle with vehicle collision,3,Going straight,Not a Pedestrian,Moving Backward,Slight Injury
Afternoon Rush,Thursday,1,Male,High school,Employee,1-5 yr,Unknown,Owner,Two way,Tangent road with flat terrain,Unknown,Asphalt,Dry,Daylight,Normal,Vehicle with vehicle collision,3,Going straight,Not a Pedestrian,Moving Backward,Slight Injury
Afternoon Rush,Thursday,1,Male,High school,Employee,Above 10yr,Unknown,Owner,Two way,Tangent road with flat terrain,Unknown,Earth roads,Dry,Daylight,Normal,Vehicle with vehicle collision,3,Going straight,Not a Pedestrian,Getting off the vehicle improperly,Slight Injury
Afternoon Rush,Thursday,1,Unknown,High school,Owner,5-10yr,Public 1,Unknown,Two way,Tangent road with flat terrain,Unknown,Asphalt,Dry,Daylight,Normal,Vehicle with vehicle collision,2,Reversing,Not a Pedestrian,Changing lane,Slight Injury
Day Time,Monday,0,Male,High school,Employee,1-5 yr,Dry 2,Owner,Unknown,Tangent road with flat terrain,Unknown,Asphalt,Dry,Daylight,Normal,Vehicle with vehicle collision,2,Moving Backward,Not a Pedestrian,Changing lane,Slight Injury
Day Time,Monday,0,Male,High school,Employee,Above 10yr,Unknown,Owner,Two way,Tangent road with flat terrain,Unknown,Unknown,Dry,Darkness - lights lit,Normal,Vehicle with vehicle collision,1,Overtaking,Not a Pedestrian,No priority to vehicle,Serious Injury
Day Time,Monday,0,Male,High school,Employee,1-5 yr,Public 1,Owner,Unknown,Tangent road with flat terrain,Unknown,Gravel roads,Dry,Darkness - lights lit,Normal,Collision with roadside objects,1,Going straight,Pedestrian,Changing lane,Serious Injury
Day Time,Monday,1,Male,High school,Employee,1-5 yr,Unknown,Owner,Two-way (divided with broken lines road marking),Tangent road with flat terrain,Unknown,Asphalt,Dry,Daylight,Normal,Vehicle with vehicle collision,3,Going straight,Not a Pedestrian,Changing lane,Slight Injury
Day Time,Thursday,0,Male,High school,Employee,Above 10yr,Dry 1,Owner,Two-way (divided with broken lines road marking),Steep grade downward with mountainous terrain,Unknown,Unknown,Dry,Daylight,Normal,Vehicle with vehicle collision,3,Going straight,Not a Pedestrian,Driving carelessly,Slight Injury
Day Time,Thursday,3,Male,High school,Employee,1-5 yr,Unknown,Owner,Unknown,Tangent road with flat terrain,Unknown,Asphalt,Dry,Daylight,Normal,Vehicle with vehicle collision,3,Reversing,Not a Pedestrian,Changing lane,Slight Injury
Day Time,Thursday,1,Male,Elementary school,Employee,5-10yr,Unknown,Governmental,Two way,Tangent road with flat terrain,Unknown,Earth roads,Dry,Darkness - lights lit,Normal,Vehicle with vehicle collision,2,Going straight,Not a Pedestrian,Changing lane,Slight Injury
Afternoon Rush,Sunday,0,Male,Unknown,Unknown,Unknown,Unknown,Organization,Two way,Tangent road with flat terrain,Unknown,Asphalt,Dry,Darkness - lights lit,Normal,Rollover,2,Going straight,Not a Pedestrian,Driving under the influence of drugs,Slight Injury
Afternoon Rush,Sunday,1,Male,Elementary school,Employee,1-5 yr,Dry 1,Owner,Two-way (divided with broken lines road marking),Tangent road with flat terrain,Unknown,Asphalt,Dry,Daylight,Normal,Vehicle with vehicle collision,1,Unknown,Not a Pedestrian,Driving carelessly,Serious Injury
Day Time,Saturday,3,Male,Elementary school,Employee,5-10yr,Auto,Owner,Two way,Tangent road with mountainous terrain and,Unknown,Asphalt,Dry,Daylight,Normal,Vehicle with vehicle collision,1,Entering a junction,Not a Pedestrian,No distancing,Serious Injury
Day Time,Saturday,3,Male,Elementary school,Employee,5-10yr,Unknown,Owner,One way,Tangent road with flat terrain,Unknown,Asphalt,Dry,Daylight,Normal,Collision with roadside objects,2,Turnover,Not a Pedestrian,No priority to vehicle,Slight Injury
Day Time,Saturday,1,Male,High school,Employee,1-5 yr,Dry 2,Owner,Two way,Steep grade downward with mountainous terrain,Unknown,Asphalt,Dry,Daylight,Normal,Vehicle with vehicle collision,2,Going straight,Not a Pedestrian,No priority to vehicle,Slight Injury
Day Time,Saturday,1,Male,High school,Employee,5-10yr,Public (13?45 seats),Governmental,Two-way (divided with broken lines road marking),Steep grade downward with mountainous terrain,Unknown,Earth roads,Dry,Darkness - lights lit,Normal,Vehicle with vehicle collision,1,Going straight,Not a Pedestrian,No priority to vehicle,Serious Injury
Day Time,Saturday,3,Male,High school,Employee,5-10yr,Auto,Governmental,Two-way (divided with broken lines road marking),Tangent road with flat terrain,Unknown,Asphalt,Dry,Daylight,Normal,Vehicle with vehicle collision,1,Going straight,Not a Pedestrian,Changing lane,Slight Injury
Day Time,Saturday,3,Male,High school,Employee,1-5 yr,Dry 1,Owner,Two way,Tangent road with flat terrain,Unknown,Asphalt,Dry,Daylight,Normal,Collision with roadside objects,2,Going straight,Not a Pedestrian,Moving Backward,Slight Injury
Day Time,Saturday,0,Male,High school,Employee,5-10yr,Public 1,Owner,Two-way (divided with broken lines road marking),Tangent road with flat terrain,Unknown,Asphalt,Dry,Daylight,Normal,Vehicle with vehicle collision,2,Going straight,Not a Pedestrian,Driving under the influence of drugs,Slight Injury