Time,Day_of_week,Age_band_of_driver,Sex_of_driver,Educational_level,Vehicle_driver_relation,Driving_experience,Type_of_vehicle,Owner_of_vehicle,Lanes_or_Medians,Road_allignment,Types_of_Junction,Road_surface_type,Road_surface_conditions,Light_conditions,Weather_conditions,Type_of_collision,Number_of_vehicles_involved,Vehicle_movement,Pedestrian_movement,Cause_of_accident,Accident_severity
Day Time,Tuesday,3,Male,High school,Employee,1-5 yr,Dry 2,Owner,Two-way (divided with broken lines road marking),Tangent road with mountainous terrain and,Unknown,Gravel roads,Dry,Daylight,Normal,Vehicle with vehicle collision,2,Going straight,Not a Pedestrian,No distancing,Serious Injury
Day Time,Thursday,3,Male,High school,Employee,Above 10yr,Dry 2,Owner,Two way,Tangent road with flat terrain,Unknown,Asphalt,Dry,Daylight,Normal,Vehicle with vehicle collision,2,Unknown,Not a Pedestrian,No distancing,Slight Injury
Day Time,Thursday,3,Female,High school,Owner,Above 10yr,Public 1,Owner,Two-way (divided with broken lines road marking),Steep grade downward with mountainous terrain,Unknown,Asphalt,Dry,Daylight,Normal,Vehicle with vehicle collision,2,Unknown,Not a Pedestrian,No priority to pedestrian,Slight Injury
Night Time,Thursday,0,Male,High school,Employee,Above 10yr,Unknown,Owner,Two way,Tangent road with flat terrain,Unknown,Asphalt,Dry,Daylight,Normal,Vehicle with vehicle collision,1,Getting off,Not a Pedestrian,Driving carelessly,Slight Injury
Night Time,Thursday,0,Male,High school,Employee,No Licence,Dry 2,Owner,Two-way (divided with broken lines road marking),Tangent road with flat terrain,Unknown,Asphalt,Wet or damp,Daylight,Raining,Vehicle with vehicle collision,1,Going straight,Not a Pedestrian,Changing lane,Slight Injury
Day Time,Friday,2,Male,High school,Employee,1-5 yr,Auto,Governmental,Two way,Tangent road with flat terrain,Unknown,Asphalt,Dry,Daylight,Normal,Vehicle with vehicle collision,2,Going straight,Not a Pedestrian,Changing lane,Slight Injury
Day Time,Friday,0,Male,Illiterate,Owner,1-5 yr,Unknown,Owner,One way,Tangent road with flat terrain,Unknown,Asphalt,Dry,Daylight,Normal,Vehicle with vehicle collision,2,Going straight,Not a Pedestrian,Driving carelessly,Slight Injury
Day Time,Friday,1,Male,High school,Owner,Below 1yr,Motorcycle,Owner,Two-way (divided with broken lines road marking),Tangent road with flat terrain,Unknown,Asphalt,Dry,Daylight,Normal,Vehicle with vehicle collision,1,Unknown,Not a Pedestrian,Driving carelessly,Slight Injury
Night Time,Saturday,0,Male,High school,Owner,1-5 yr,Auto,Owner,Two way,Tangent road with flat terrain,Unknown,Asphalt,Dry,Daylight,Normal,Collision with roadside objects,2,Going straight,Not a Pedestrian,No distancing,Serious Injury
Night Time,Saturday,0,Male,Unknown,Owner,5-10yr,Dry 2,Owner,Two way,Tangent road with flat terrain,Unknown,Asphalt,Dry,Daylight,Normal,Collision with pedestrians,2,Unknown,Not a Pedestrian,Changing lane,Slight Injury
Day Time,Sunday,1,Male,Unknown,Owner,Above 10yr,Auto,Owner,Two way,Tangent road with flat terrain,Unknown,Asphalt,Dry,Daylight,Normal,Vehicle with vehicle collision,2,Going straight,Not a Pedestrian,Changing lane,Slight Injury
Day Time,Sunday,0,Male,High school,Owner,1-5 yr,Public (> 45 seats),Owner,Unknown,Tangent road with flat terrain,Unknown,Asphalt,Dry,Daylight,Normal,Collision with roadside objects,2,Going straight,Not a Pedestrian,No distancing,Slight Injury
Day Time,Wednesday,3,Male,Elementary school,Owner,Above 10yr,Dry 2,Owner,Two way,Tangent road with flat terrain,Unknown,Asphalt,Dry,Daylight,Normal,Vehicle with vehicle collision,2,Going straight,Not a Pedestrian,No distancing,Slight Injury
Day Time,Wednesday,3,Female,Writing & reading,Owner,5-10yr,Public (> 45 seats),Owner,Two way,Tangent road with flat terrain,Unknown,Asphalt,Dry,Daylight,Normal,Vehicle with vehicle collision,2,Unknown,Not a Pedestrian,Overturning,Slight Injury
Morning Rush,Friday,0,Male,High school,Owner,5-10yr,Dry 2,Owner,Two way,Tangent road with flat terrain,Unknown,Asphalt,Dry,Daylight,Normal,Vehicle with vehicle collision,1,Going straight,Not a Pedestrian,No priority to vehicle,Slight Injury
Morning Rush,Friday,0,Male,High school,Owner,Below 1yr,Dry 2,Owner,Two-way (divided with broken lines road marking),Tangent road with flat terrain,Unknown,Asphalt,Dry,Daylight,Normal,Vehicle with vehicle collision,2,Going straight,Not a Pedestrian,No priority to pedestrian,Slight Injury
Day Time,Thursday,0,Male,High school,Owner,1-5 yr,Public 1,Owner,Two-way (divided with broken lines road marking),Tangent road with flat terrain,Unknown,Asphalt,Dry,Daylight,Normal,Rollover,2,Going straight,Not a Pedestrian,No priority to vehicle,Slight Injury
Day Time,Thursday,0,Male,Elementary school,Employee,1-5 yr,Public 1,Owner,Two-way (divided with broken lines road marking),Tangent road with flat terrain,Unknown,Asphalt,Dry,Darkness - lights lit,Normal,Collision with roadside objects,1,Going straight,Not a Pedestrian,Unknown,Slight Injury
Day Time,Friday,1,Male,High school,Employee,1-5 yr,Auto,Owner,One way,Tangent road with flat terrain,Unknown,Asphalt,Dry,Daylight,Normal,Vehicle with vehicle collision,2,Going straight,Not a Pedestrian,Unknown,Slight Injury
Day Time,Friday,1,Male,High school,Employee,1-5 yr,Dry 2,Owner,Two-way (divided with broken lines road marking),Tangent road with flat terrain,Unknown,Asphalt,Dry,Daylight,Normal,Vehicle with vehicle collision,2,Going straight,Not a Pedestrian,Moving Backward,Slight Injury
Afternoon Rush,Monday,3,Male,High school,Employee,5-10yr,Auto,Owner,Two way,Tangent road with flat terrain,Unknown,Asphalt,Dry,Daylight,Normal,Collision with roadside objects,2,Going straight,Not a Pedestrian,No distancing,Slight Injury
Afternoon Rush,Monday,1,Male,High school,Employee,5-10yr,Dry 1,Owner,Unknown,Tangent road with flat terrain,Unknown,Asphalt,Dry,Daylight,Normal,Vehicle with vehicle collision,2,Going straight,Not a Pedestrian,Moving Backward,Slight Injury
Day Time,Sunday,1,Male,High school,Employee,Above 10yr,Auto,Owner,Two way,Tangent road with flat terrain,Unknown,Asphalt,Dry,Daylight,Normal,Vehicle with vehicle collision,2,Going straight,Not a Pedestrian,No priority to vehicle,Slight Injury
Day Time,Sunday,2,Male,Elementary school,Employee,5-10yr,Public (13?45 seats),Owner,Two way,Tangent road with flat terrain,Unknown,Earth roads,Dry,Darkness - lights lit,Normal,Vehicle with vehicle collision,3,Going straight,Not a Pedestrian,Driving carelessly,Slight Injury
Day Time,Tuesday,1,Male,High school,Employee,5-10yr,Public (> 45 seats),Owner,Unknown,Steep grade downward with mountainous terrain,Unknown,Asphalt,Dry,Darkness - lights lit,Normal,Vehicle with vehicle collision,3,Unknown,Not a Pedestrian,No distancing,Slight Injury
Day Time,Tuesday,2,Male,High school,Employee,Above 10yr,Auto,Owner,One way,Steep grade downward with mountainous terrain,Unknown,Unknown,Dry,Darkness - lights lit,Normal,Vehicle with vehicle collision,3,Going straight,Not a Pedestrian,Unknown,Slight Injury
Night Time,Saturday,0,Male,Elementary school,Owner,Unknown,Unknown,Owner,Two-way (divided with broken lines road marking),Tangent road with flat terrain,Unknown,Unknown,Dry,Daylight,Normal,Vehicle with vehicle collision,3,Going straight,Not a Pedestrian,Changing lane,Slight Injury
Night Time,Saturday,0,Male,High school,Owner,5-10yr,Dry 2,Owner,Two-way (divided with broken lines road marking),Tangent road with flat terrain,Unknown,Asphalt,Dry,Daylight,Normal,Collision with pedestrians,3,Going straight,Not a Pedestrian,No distancing,Slight Injury
Morning Rush,Wednesday,1,Male,High school,Employee,5-10yr,Auto,Organization,Two way,Tangent road with flat terrain,Unknown,Earth roads,Dry,Daylight,Normal,Vehicle with vehicle collision,3,Going straight,Not a Pedestrian,Driving carelessly,Slight Injury
Night Time,Sunday,3,Male,Unknown,Unknown,Unknown,Public 1,Governmental,Two-way (divided with broken lines road marking),Tangent road with flat terrain,Unknown,Asphalt,Dry,Daylight,Normal,Vehicle with vehicle collision,1,Moving Backward,Not a Pedestrian,No priority to vehicle,Serious Injury
Morning Rush,Wednesday,1,Male,High school,Employee,5-10yr,Dry 2,Owner,One way,Tangent road with flat terrain,Unknown,Earth roads,Dry,Darkness - lights lit,Normal,Vehicle with vehicle collision,1,Going straight,Not a Pedestrian,Changing lane,Serious Injury
Morning Rush,Wednesday,2,Male,High school,Employee,5-10yr,Unknown,Governmental,Two-way (divided with broken lines road marking),Tangent road with flat terrain,Unknown,Asphalt,Dry,Daylight,Normal,Vehicle with vehicle collision,2,Going straight,Unknown,No priority to pedestrian,Serious Injury
Day Time,Friday,0,Male,High school,Employee,Above 10yr,Auto,Owner,One way,Tangent road with flat terrain,Unknown,Asphalt,Dry,Daylight,Normal,Vehicle with vehicle collision,2,Moving Backward,Not a Pedestrian,No priority to vehicle,Serious Injury
Day Time,Friday,0,Female,High school,Employee,Above 10yr,Auto,Owner,Two-way (divided with broken lines road marking),Tangent road with flat terrain,Unknown,Asphalt,Dry,Daylight,Normal,Vehicle with vehicle collision,2,Going straight,Not a Pedestrian,Changing lane,Slight Injury
Day Time,Friday,3,Male,High school,Employee,Above 10yr,Public (> 45 seats),Owner,Two-way (divided with broken lines road marking),Tangent road with flat terrain,Unknown,Asphalt,Dry,Daylight,Normal,Vehicle with vehicle collision,2,Moving Backward,Not a Pedestrian,Turnover,Slight Injury
Afternoon Rush,Tuesday,3,Male,High school,Employee,Above 10yr,Dry 2,Unknown,Two-way (divided with broken lines road marking),Tangent road with flat terrain,Unknown,Asphalt,Dry,Daylight,Normal,Vehicle with vehicle collision,2,Going straight,Not a Pedestrian,Driving carelessly,Slight Injury
Day Time,Sunday,2,Female,High school,Employee,Above 10yr,Auto,Unknown,Two-way (divided with broken lines road marking),Tangent road with flat terrain,Unknown,Asphalt,Dry,Daylight,Normal,Vehicle with vehicle collision,1,Going straight,Not a Pedestrian,Driving to the left,Serious Injury
Day Time,Sunday,3,Male,High school,Employee,5-10yr,Public (> 45 seats),Owner,Two way,Tangent road with flat terrain,Unknown,Asphalt,Dry,Daylight,Normal,Collision with roadside objects,6,Unknown,Not a Pedestrian,Driving carelessly,Serious Injury
Day Time,Saturday,0,Male,High school,Employee,1-5 yr,Unknown,Owner,Two-way (divided with broken lines road marking),Tangent road with mountainous terrain and,Unknown,Asphalt,Dry,Daylight,Normal,Vehicle with vehicle collision,6,Unknown,Not a Pedestrian,No priority to pedestrian,Serious Injury
Day Time,Saturday,0,Male,High school,Employee,Below 1yr,Auto,Owner,Two-way (divided with broken lines road marking),Steep grade downward with mountainous terrain,Unknown,Asphalt,Dry,Daylight,Normal,Collision with roadside objects,6,Going straight,Not a Pedestrian,Driving carelessly,Serious Injury
Morning Rush,Friday,1,Male,High school,Employee,Below 1yr,Dry 1,Owner,Unknown,Tangent road with mountainous terrain and,Unknown,Asphalt,Dry,Daylight,Normal,Vehicle with vehicle collision,6,Reversing,Not a Pedestrian,Changing lane,Serious Injury
Morning Rush,Thursday,0,Male,High school,Employee,1-5 yr,Public 1,Owner,Two-way (divided with broken lines road marking),Steep grade downward with mountainous terrain,Unknown,Asphalt,Dry,Daylight,Normal,Vehicle with vehicle collision,6,Going straight,Not a Pedestrian,Moving Backward,Serious Injury
Night Time,Friday,0,Male,Elementary school,Employee,Below 1yr,Dry 2,Unknown,Unknown,Tangent road with mountainous terrain and,Unknown,Asphalt,Dry,Daylight,Normal,Unknown,6,Going straight,Not a Pedestrian,Driving carelessly,Serious Injury
Night Time,Friday,1,Male,High school,Employee,Below 1yr,Dry 2,Governmental,Two way,Tangent road with flat terrain,Unknown,Asphalt,Dry,Daylight,Normal,Collision with pedestrians,2,Going straight,Not a Pedestrian,Changing lane,Slight Injury
Night Time,Sunday,0,Male,High school,Employee,Unknown,Dry 2,Owner,Two-way (divided with broken lines road marking),Tangent road with flat terrain,Unknown,Asphalt,Dry,Daylight,Normal,Vehicle with vehicle collision,2,Going straight,Not a Pedestrian,Driving carelessly,Slight Injury
Night Time,Sunday,0,Male,Unknown,Employee,5-10yr,Public (13?45 seats),Owner,Two-way (divided with broken lines road marking),Tangent road with flat terrain,Unknown,Asphalt,Dry,Daylight,Normal,Vehicle with vehicle collision,2,Moving Backward,Not a Pedestrian,Driving carelessly,Slight Injury
Night Time,Sunday,0,Male,Writing & reading,Employee,Below 1yr,Dry 2,Owner,Unknown,Tangent road with mountainous terrain and,Unknown,Asphalt,Dry,Daylight,Normal,Vehicle with vehicle collision,1,Going straight,Not a Pedestrian,Driving carelessly,Slight Injury
Night Time,Sunday,3,Male,High school,Employee,Below 1yr,Dry 2,Owner,Unknown,Tangent road with flat terrain,Unknown,Asphalt,Dry,Daylight,Normal,Collision with pedestrians,2,Going straight,Not a Pedestrian,Changing lane,Serious Injury
Night Time,Sunday,3,Male,High school,Employee,1-5 yr,Motorcycle,Owner,Two-way (divided with broken lines road marking),Tangent road with flat terrain,Unknown,Asphalt,Dry,Daylight,Normal,Collision with roadside objects,2,Going straight,Not a Pedestrian,Changing lane,Serious Injury
Afternoon Rush,Tuesday,1,Female,Elementary school,Employee,Above 10yr,Dry 2,Owner,Two way,Tangent road with flat terrain,Unknown,Asphalt,Dry,Daylight,Normal,Unknown,2,Going straight,Not a Pedestrian,Driving carelessly,Serious Injury
Afternoon Rush,Tuesday,3,Male,Elementary school,Employee,Above 10yr,Two way,Owner,Two way,Tangent road with flat terrain,Unknown,Asphalt,Dry,Daylight,Normal,Vehicle with vehicle collision,2,Going straight,Pedestrian,Overtaking,Serious Injury
Afternoon Rush,Tuesday,3,Male,Elementary school,Employee,Below 1yr,Auto,Owner,Two way,Tangent road with flat terrain,Unknown,Asphalt,Dry,Daylight,Normal,Unknown,2,Moving Backward,Not a Pedestrian,Changing lane,Slight Injury
Day Time,Sunday,1,Male,High school,Employee,1-5 yr,Dry 2,Owner,Two way,Tangent road with flat terrain,Unknown,Asphalt,Dry,Daylight,Normal,Unknown,2,Going straight,Not a Pedestrian,No distancing,Slight Injury
Day Time,Sunday,2,Male,High school,Employee,1-5 yr,Dry 1,Owner,Two way,Tangent road with flat terrain,Unknown,Asphalt,Dry,Daylight,Normal,Unknown,3,Going straight,Not a Pedestrian,Unknown,Slight Injury
Morning Rush,Friday,0,Male,High school,Employee,Above 10yr,Public (> 45 seats),Owner,Two way,Tangent road with flat terrain,Unknown,Asphalt,Dry,Daylight,Normal,Vehicle with vehicle collision,3,Moving Backward,Not a Pedestrian,Changing lane,Slight Injury
Morning Rush,Friday,0,Male,High school,Employee,1-5 yr,Auto,Owner,Unknown,Tangent road with flat terrain,Unknown,Asphalt,Dry,Daylight,Normal,Vehicle with vehicle collision,3,Moving Backward,Not a Pedestrian,Changing lane,Slight Injury
Night Time,Wednesday,1,Male,High school,Employee,1-5 yr,Auto,Owner,Two-way (divided with broken lines road marking),Tangent road with flat terrain,Unknown,Asphalt,Dry,Daylight,Normal,Collision with roadside objects,1,Going straight,Not a Pedestrian,Overtaking,Slight Injury
Night Time,Wednesday,1,Male,High school,Employee,1-5 yr,Public 1,Owner,Two way,Tangent road with flat terrain,Unknown,Asphalt,Dry,Daylight,Normal,Collision with roadside objects,1,Turnover,Not a Pedestrian,Unknown,Slight Injury
Afternoon Rush,Tuesday,3,Male,High school,Employee,5-10yr,Auto,Owner,Two-way (divided with broken lines road marking),Tangent road with flat terrain,Unknown,Asphalt,Dry,Daylight,Normal,Vehicle with vehicle collision,2,Turnover,Not a Pedestrian,Driving to the left,Slight Injury
Afternoon Rush,Tuesday,1,Male,High school,Employee,Below 1yr,Auto,Owner,Two-way (divided with broken lines road marking),Tangent road with flat terrain,Unknown,Asphalt,Dry,Daylight,Normal,Vehicle with vehicle collision,2,Going straight,Not a Pedestrian,Overtaking,Slight Injury
Afternoon Rush,Wednesday,0,Male,High school,Employee,Below 1yr,Auto,Owner,One way,Tangent road with flat terrain,Unknown,Asphalt,Dry,Daylight,Normal,Vehicle with vehicle collision,2,Going straight,Not a Pedestrian,No priority to vehicle,Slight Injury
Afternoon Rush,Sunday,1,Male,Elementary school,Employee,Unknown,Dry 2,Owner,Two way,Tangent road with mild grade and flat terrain,Unknown,Asphalt,Dry,Daylight,Normal,Vehicle with vehicle collision,1,Going straight,Not a Pedestrian,Moving Backward,Slight Injury
Afternoon Rush,Sunday,1,Male,High school,Employee,Below 1yr,Auto,Owner,Two way,Tangent road with mild grade and flat terrain,Unknown,Gravel roads,Dry,Daylight,Normal,Vehicle with vehicle collision,2,Going straight,Not a Pedestrian,Unknown,Slight Injury
Afternoon Rush,Thursday,1,Male,High school,Employee,1-5 yr,Auto,Owner,Two-way (divided with broken lines road marking),Tangent road with flat terrain,Unknown,Asphalt,Dry,Daylight,Normal,Rollover,2,Going straight,Not a Pedestrian,No priority to vehicle,Slight Injury
Afternoon Rush,Thursday,1,Male,Elementary school,Employee,1-5 yr,Public 1,Owner,One way,Tangent road with flat terrain,Unknown,Asphalt,Dry,Daylight,Normal,Vehicle with vehicle collision,1,Going straight,Not a Pedestrian,No priority to pedestrian,Serious Injury
Afternoon Rush,Thursday,3,Male,High school,Employee,1-5 yr,Public 1,Owner,Two way,Tangent road with flat terrain,Unknown,Asphalt,Wet or damp,Darkness - lights lit,Raining,Collision with roadside objects,2,Getting off,Not a Pedestrian,Changing lane,Slight Injury
Afternoon Rush,Friday,0,Male,High school,Employee,5-10yr,Auto,Owner,One way,Tangent road with flat terrain,Unknown,Asphalt,Wet or damp,Darkness - lights lit,Raining,Collision with pedestrians,2,Moving Backward,Not a Pedestrian,Changing lane,Slight Injury
Afternoon Rush,Friday,2,Male,High school,Employee,Below 1yr,Public 1,Owner,Two-way (divided with broken lines road marking),Tangent road with flat terrain,Unknown,Asphalt,Wet or damp,Darkness - lights lit,Raining,Vehicle with vehicle collision,2,Unknown,Not a Pedestrian,Changing lane,Slight Injury
Day Time,Tuesday,0,Male,Elementary school,Owner,5-10yr,Auto,Owner,Two way,Tangent road with flat terrain,Unknown,Asphalt,Dry,Daylight,Normal,Vehicle with vehicle collision,1,Going straight,Not a Pedestrian,Changing lane,Serious Injury
Day Time,Tuesday,2,Male,Elementary school,Employee,Below 1yr,Auto,Owner,Two way,Tangent road with flat terrain,Unknown,Asphalt,Dry,Daylight,Normal,Vehicle with vehicle collision,2,Going straight,Not a Pedestrian,Moving Backward,Serious Injury
Night Time,Friday,3,Male,High school,Employee,5-10yr,Dry 2,Owner,Two way,Tangent road with flat terrain,Unknown,Asphalt,Dry,Daylight,Normal,Vehicle with vehicle collision,2,Going straight,Not a Pedestrian,Driving at high speed,Serious Injury
Night Time,Friday,0,Male,High school,Employee,1-5 yr,Public 1,Owner,Two-way (divided with broken lines road marking),Tangent road with flat terrain,Unknown,Asphalt,Dry,Daylight,Normal,Vehicle with vehicle collision,2,Going straight,Not a Pedestrian,No distancing,Serious Injury
Night Time,Tuesday,1,Male,High school,Employee,Above 10yr,Auto,Owner,Two way,Tangent road with flat terrain,Unknown,Asphalt,Dry,Daylight,Normal,Collision with roadside objects,1,Going straight,Not a Pedestrian,Unknown,Slight Injury
Night Time,Tuesday,0,Male,High school,Employee,5-10yr,Auto,Owner,Two-way (divided with broken lines road marking),Tangent road with flat terrain,Unknown,Asphalt,Dry,Daylight,Normal,Rollover,2,Going straight,Not a Pedestrian,No priority to vehicle,Slight Injury
Day Time,Friday,1,Male,High school,Employee,1-5 yr,Dry 2,Owner,One way,Tangent road with flat terrain,Unknown,Asphalt,Dry,Daylight,Normal,Vehicle with vehicle collision,2,Going straight,Not a Pedestrian,Changing lane,Slight Injury
Day Time,Monday,0,Male,Elementary school,Employee,5-10yr,Auto,Owner,Two way,Tangent road with flat terrain,Unknown,Gravel roads,Dry,Daylight,Normal,Collision with pedestrians,2,Going straight,Not a Pedestrian,Unknown,Slight Injury
Day Time,Monday,3,Male,Elementary school,Employee,1-5 yr,Motorcycle,Owner,One way,Tangent road with flat terrain,Unknown,Asphalt,Dry,Daylight,Normal,Vehicle with vehicle collision,2,Going straight,Not a Pedestrian,No distancing,Slight Injury
Day Time,Monday,3,Male,High school,Employee,Below 1yr,Unknown,Owner,Two way,Tangent road with flat terrain,Unknown,Asphalt,Wet or damp,Daylight,Normal,Vehicle with vehicle collision,1,Going straight,Not a Pedestrian,Driving carelessly,Serious Injury
Afternoon Rush,Sunday,3,Male,High school,Employee,Below 1yr,Auto,Owner,Two way,Tangent road with flat terrain,Unknown,Asphalt,Dry,Daylight,Unknown,Collision with pedestrians,2,Moving Backward,Not a Pedestrian,No distancing,Slight Injury
Afternoon Rush,Sunday,3,Male,High school,Employee,5-10yr,Auto,Owner,Two way,Tangent road with flat terrain,Unknown,Asphalt,Dry,Daylight,Unknown,Collision with pedestrians,2,Going straight,Not a Pedestrian,Moving Backward,Slight Injury
Afternoon Rush,Sunday,1,Female,High school,Owner,5-10yr,Auto,Owner,One way,Tangent road with flat terrain,Unknown,Earth roads,Wet or damp,Daylight,Normal,Vehicle with vehicle collision,2,Moving Backward,Not a Pedestrian,No distancing,Slight Injury
Afternoon Rush,Sunday,1,Female,Elementary school,Employee,1-5 yr,Public (> 45 seats),Owner,Unknown,Tangent road with flat terrain,Unknown,Asphalt,Wet or damp,Daylight,Normal,Vehicle with vehicle collision,2,Moving Backward,Not a Pedestrian,Moving Backward,Slight Injury
Afternoon Rush,Sunday,1,Male,High school,Employee,Unknown,Unknown,Unknown,Two-way (divided with broken lines road marking),Tangent road with flat terrain,Unknown,Asphalt,Dry,Daylight,Normal,Vehicle with vehicle collision,1,Going straight,Not a Pedestrian,No priority to pedestrian,Slight Injury
Day Time,Thursday,3,Male,Elementary school,Employee,Above 10yr,Auto,Owner,Two-way (divided with broken lines road marking),Tangent road with flat terrain,Unknown,Unknown,Dry,Daylight,Normal,Vehicle with vehicle collision,1,Going straight,Not a Pedestrian,Changing lane,Slight Injury
Day Time,Thursday,1,Male,High school,Owner,1-5 yr,Auto,Owner,Two-way (divided with broken lines road marking),Tangent road with flat terrain,Unknown,Gravel roads,Dry,Daylight,Normal,Vehicle with vehicle collision,2,Going straight,Not a Pedestrian,No distancing,Slight Injury
Day Time,Friday,2,Male,Unknown,Unknown,Unknown,Unknown,Owner,Two-way (divided with broken lines road marking),Tangent road with flat terrain,Unknown,Asphalt,Dry,Daylight,Normal,Collision with roadside objects,2,Going straight,Not a Pedestrian,Unknown,Slight Injury
Day Time,Friday,3,Male,High school,Employee,Above 10yr,Auto,Owner,Two-way (divided with broken lines road marking),Tangent road with flat terrain,Unknown,Unknown,Dry,Daylight,Normal,Vehicle with vehicle collision,2,Going straight,Not a Pedestrian,No distancing,Slight Injury
Morning Rush,Thursday,1,Male,High school,Employee,5-10yr,Public 1,Owner,Two-way (divided with broken lines road marking),Tangent road with flat terrain,Unknown,Earth roads,Dry,Darkness - lights lit,Normal,Vehicle with vehicle collision,1,Unknown,Not a Pedestrian,Moving Backward,Serious Injury
Afternoon Rush,Monday,1,Male,High school,Employee,Below 1yr,Unknown,Owner,Two-way (divided with broken lines road marking),Tangent road with flat terrain,Unknown,Asphalt,Dry,Daylight,Normal,Vehicle with vehicle collision,1,Unknown,Not a Pedestrian,No priority to pedestrian,Slight Injury
Day Time,Monday,1,Male,High school,Employee,5-10yr,Public 1,Owner,Two way,Tangent road with flat terrain,Unknown,Asphalt,Dry,Daylight,Normal,Vehicle with vehicle collision,1,Going straight,Not a Pedestrian,No distancing,Slight Injury
Day Time,Monday,3,Male,High school,Employee,Above 10yr,Auto,Governmental,One way,Tangent road with flat terrain,Unknown,Asphalt,Wet or damp,Daylight,Raining,Vehicle with vehicle collision,1,Unknown,Not a Pedestrian,No priority to pedestrian,Slight Injury
Day Time,Monday,3,Male,Elementary school,Employee,1-5 yr,Public (13?45 seats),Owner,Two-way (divided with broken lines road marking),Tangent road with flat terrain,Unknown,Asphalt,Wet or damp,Daylight,Raining,Vehicle with vehicle collision,2,Reversing,Not a Pedestrian,Getting off the vehicle improperly,Slight Injury
Day Time,Friday,0,Male,High school,Employee,Unknown,Dry 2,Owner,Two-way (divided with broken lines road marking),Tangent road with flat terrain,Unknown,Earth roads,Wet or damp,Daylight,Raining,Vehicle with vehicle collision,2,Going straight,Not a Pedestrian,Driving carelessly,Slight Injury
Morning Rush,Thursday,3,Male,Elementary school,Employee,1-5 yr,Dry 2,Unknown,Two way,Tangent road with flat terrain,Unknown,Asphalt,Dry,Daylight,Normal,Vehicle with vehicle collision,3,Unknown,Not a Pedestrian,Changing lane,Slight Injury
Day Time,Thursday,0,Male,High school,Owner,1-5 yr,Dry 1,Owner,Two-way (divided with broken lines road marking),Tangent road with flat terrain,Unknown,Asphalt,Dry,Daylight,Normal,Vehicle with vehicle collision,3,Moving Backward,Not a Pedestrian,No priority to vehicle,Slight Injury
Day Time,Thursday,2,Male,High school,Owner,1-5 yr,Motorcycle,Governmental,Two-way (divided with broken lines road marking),Tangent road with flat terrain,Unknown,Asphalt,Dry,Daylight,Normal,Vehicle with vehicle collision,3,Going straight,Not a Pedestrian,Changing lane,Slight Injury
Afternoon Rush,Wednesday,0,Male,High school,Owner,5-10yr,Dry 2,Owner,Two way,Tangent road with flat terrain,Unknown,Asphalt,Dry,Daylight,Normal,Vehicle with vehicle collision,3,Unknown,Not a Pedestrian,Changing lane,Slight Injury
Afternoon Rush,Wednesday,1,Male,High school,Employee,5-10yr,Auto,Owner,Two way,Tangent road with flat terrain,Unknown,Asphalt,Wet or damp,Daylight,Raining,Vehicle with vehicle collision,1,Moving Backward,Not a Pedestrian,No distancing,Slight Injury
Night Time,Saturday,0,Male,Elementary school,Employee,5-10yr,Auto,Owner,Unknown,Steep grade downward with mountainous terrain,Unknown,Asphalt,Dry,Daylight,Normal,Vehicle with vehicle collision,3,Going straight,Not a Pedestrian,No distancing,Slight Injury
Day Time,Wednesday,2,Male,High school,Owner,Below 1yr,Unknown,Owner,One way,Steep grade downward with mountainous terrain,Unknown,Asphalt,Dry,Daylight,Normal,Collision with roadside objects,3,Going straight,Not a Pedestrian,Changing lane,Slight Injury
Day Time,Wednesday,1,Male,High school,Employee,Above 10yr,Unknown,Owner,Two-way (divided with broken lines road marking),Tangent road with flat terrain,Unknown,Asphalt,Dry,Daylight,Normal,Vehicle with vehicle collision,3,Moving Backward,Not a Pedestrian,Changing lane,Slight Injury
Afternoon Rush,Tuesday,0,Male,High school,Employee,Below 1yr,Auto,Organization,Two way,Tangent road with flat terrain,Unknown,Asphalt,Dry,Daylight,Normal,Vehicle with vehicle collision,2,Getting off,Not a Pedestrian,Changing lane,Slight Injury
Night Time,Saturday,1,Male,High school,Employee,Above 10yr,Dry 2,Owner,Two-way (divided with broken lines road marking),Tangent road with flat terrain,Unknown,Asphalt,Dry,Daylight,Normal,Vehicle with vehicle collision,1,Going straight,Not a Pedestrian,No priority to vehicle,Slight Injury
Morning Rush,Monday,0,Male,High school,Employee,5-10yr,Dry 2,Governmental,Two-way (divided with broken lines road marking),Tangent road with flat terrain,Unknown,Earth roads,Wet or damp,Daylight,Raining,Collision with pedestrians,1,Going straight,Not a Pedestrian,Moving Backward,Slight Injury
Night Time,Sunday,1,Male,High school,Employee,5-10yr,Dry 2,Governmental,Two-way (divided with broken lines road marking),Tangent road with flat terrain,Unknown,Asphalt,Wet or damp,Daylight,Raining,Vehicle with vehicle collision,2,Going straight,Not a Pedestrian,No distancing,Slight Injury
Night Time,Sunday,3,Male,High school,Employee,1-5 yr,Dry 1,Owner,One way,Tangent road with flat terrain,Unknown,Asphalt,Wet or damp,Daylight,Raining,Vehicle with vehicle collision,1,Going straight,Not a Pedestrian,No distancing,Slight Injury