Time,Day_of_week,Age_band_of_driver,Sex_of_driver,Educational_level,Vehicle_driver_relation,Driving_experience,Type_of_vehicle,Owner_of_vehicle,Lanes_or_Medians,Road_allignment,Types_of_Junction,Road_surface_type,Road_surface_conditions,Light_conditions,Weather_conditions,Type_of_collision,Number_of_vehicles_involved,Vehicle_movement,Pedestrian_movement,Cause_of_accident,Accident_severity
Day Time,Saturday,3,Male,Elementary school,Owner,1-5 yr,Dry 2,Owner,Unknown,Tangent road with flat terrain,No junction,Asphalt,Dry,Daylight,Normal,Vehicle with vehicle collision,2,Going straight,Not a Pedestrian,Changing lane,Serious Injury
Day Time,Saturday,0,Male,High school,Employee,5-10yr,Unknown,Owner,Unknown,Tangent road with flat terrain,No junction,Asphalt,Dry,Daylight,Normal,Collision with roadside objects,1,Going straight,Not a Pedestrian,Changing lane,Serious Injury
Day Time,Saturday,0,Male,High school,Employee,Below 1yr,Special vehicle,Owner,Unknown,Tangent road with flat terrain,Crossing,Asphalt,Dry,Daylight,Normal,Collision with roadside objects,3,Moving Backward,Not a Pedestrian,Driving carelessly,Slight Injury
Morning Rush,Friday,1,Male,High school,Employee,Above 10yr,Dry 1,Owner,One way,Tangent road with flat terrain,Crossing,Asphalt,Dry,Daylight,Normal,Vehicle with vehicle collision,3,Moving Backward,Not a Pedestrian,Moving Backward,Slight Injury
Night Time,Sunday,0,Male,High school,Employee,5-10yr,Dry 1,Owner,Two way,Tangent road with flat terrain,Crossing,Asphalt,Wet or damp,Daylight,Raining,Collision with roadside objects,2,Going straight,Not a Pedestrian,Changing lane,Slight Injury
Night Time,Sunday,3,Male,High school,Employee,Unknown,Motorcycle,Owner,Two-way (divided with broken lines road marking),Tangent road with flat terrain,Y Shape,Asphalt,Dry,Daylight,Normal,Vehicle with vehicle collision,2,Going straight,Not a Pedestrian,Driving at high speed,Slight Injury
Night Time,Sunday,3,Male,High school,Employee,1-5 yr,Auto,Owner,Two-way (divided with broken lines road marking),Unknown,Y Shape,Asphalt,Dry,Daylight,Normal,Vehicle with vehicle collision,2,Going straight,Not a Pedestrian,Driving under the influence of drugs,Slight Injury
Night Time,Sunday,3,Male,High school,Employee,Above 10yr,Auto,Governmental,Two-way (divided with broken lines road marking),Tangent road with flat terrain,Y Shape,Asphalt,Dry,Daylight,Normal,Vehicle with vehicle collision,3,U-Turn,Not a Pedestrian,Changing lane,Slight Injury
Night Time,Sunday,3,Male,High school,Employee,1-5 yr,Auto,Governmental,Unknown,Tangent road with flat terrain,Y Shape,Asphalt,Dry,Daylight,Normal,Vehicle with vehicle collision,3,Going straight,Not a Pedestrian,Driving carelessly,Slight Injury
Night Time,Sunday,3,Male,High school,Employee,5-10yr,Auto,Owner,Unknown,Tangent road with flat terrain,Y Shape,Asphalt,Dry,Daylight,Normal,Vehicle with vehicle collision,3,Going straight,Not a Pedestrian,No distancing,Slight Injury
Night Time,Sunday,1,Female,High school,Employee,1-5 yr,Unknown,Owner,Two-way (divided with broken lines road marking),Tangent road with flat terrain,Crossing,Asphalt,Dry,Daylight,Normal,Collision with pedestrians,1,Going straight,Not a Pedestrian,Changing lane,Slight Injury
Day Time,Wednesday,3,Female,Unknown,Unknown,Unknown,Public (> 45 seats),Owner,Two way,Tangent road with flat terrain,Crossing,Asphalt,Dry,Darkness - lights lit,Normal,Vehicle with vehicle collision,4,Going straight,Not a Pedestrian,No distancing,Slight Injury
Day Time,Wednesday,0,Male,High school,Employee,1-5 yr,Public (> 45 seats),Organization,Unknown,Tangent road with flat terrain,Crossing,Asphalt,Dry,Darkness - lights lit,Normal,Collision with roadside objects,4,Going straight,Not a Pedestrian,No distancing,Slight Injury
Day Time,Wednesday,3,Male,High school,Employee,1-5 yr,Auto,Governmental,Unknown,Tangent road with flat terrain,Crossing,Asphalt,Dry,Darkness - lights lit,Normal,Vehicle with vehicle collision,4,Going straight,Not a Pedestrian,Getting off the vehicle improperly,Slight Injury
Day Time,Wednesday,3,Male,High school,Employee,Above 10yr,Auto,Owner,Two way,Tangent road with flat terrain,Crossing,Asphalt,Dry,Darkness - lights lit,Normal,Vehicle with vehicle collision,4,Stopping,Not a Pedestrian,Overtaking,Slight Injury
Day Time,Sunday,2,Male,High school,Employee,1-5 yr,Two way,Owner,Unknown,Tangent road with flat terrain,Crossing,Asphalt,Dry,Daylight,Normal,Vehicle with vehicle collision,3,Turnover,Not a Pedestrian,Driving carelessly,Slight Injury
Day Time,Sunday,0,Male,High school,Owner,1-5 yr,Auto,Unknown,Two way,Tangent road with flat terrain,No junction,Asphalt,Dry,Daylight,Normal,Vehicle with vehicle collision,3,Getting off,Not a Pedestrian,Driving under the influence of drugs,Slight Injury
Morning Rush,Friday,0,Male,High school,Employee,No Licence,Dry 2,Owner,Two way,Tangent road with flat terrain,Crossing,Asphalt,Dry,Daylight,Normal,Vehicle with vehicle collision,3,Moving Backward,Not a Pedestrian,Moving Backward,Slight Injury
Morning Rush,Friday,0,Male,High school,Employee,1-5 yr,Auto,Owner,Two way,Tangent road with flat terrain,Crossing,Asphalt,Dry,Daylight,Normal,Vehicle with vehicle collision,2,Moving Backward,Not a Pedestrian,Overturning,Slight Injury
Day Time,Thursday,1,Male,High school,Employee,5-10yr,Public (13?45 seats),Owner,Unknown,Tangent road with flat terrain,Unknown,Asphalt,Dry,Daylight,Normal,Vehicle with vehicle collision,2,Going straight,Not a Pedestrian,Driving under the influence of drugs,Slight Injury
Night Time,Friday,3,Male,High school,Employee,Above 10yr,Special vehicle,Owner,Two-way (divided with broken lines road marking),Tangent road with flat terrain,Unknown,Asphalt,Dry,Daylight,Normal,Vehicle with vehicle collision,2,Turnover,Not a Pedestrian,Changing lane,Slight Injury
Night Time,Friday,1,Male,High school,Employee,Above 10yr,Auto,Owner,Unknown,Tangent road with flat terrain,Y Shape,Asphalt,Dry,Daylight,Normal,Vehicle with vehicle collision,2,Going straight,Not a Pedestrian,Changing lane,Slight Injury
Night Time,Friday,1,Male,High school,Owner,5-10yr,Public (13?45 seats),Owner,Unknown,Steep grade downward with mountainous terrain,Y Shape,Asphalt,Dry,Daylight,Normal,Collision with roadside objects,2,Going straight,Not a Pedestrian,No distancing,Slight Injury
Afternoon Rush,Thursday,3,Male,Elementary school,Employee,1-5 yr,Unknown,Owner,Two-way (divided with broken lines road marking),Tangent road with mild grade and flat terrain,Y Shape,Asphalt,Dry,Daylight,Normal,Vehicle with vehicle collision,2,U-Turn,Not a Pedestrian,No distancing,Slight Injury
Afternoon Rush,Thursday,3,Male,High school,Employee,1-5 yr,Dry 2,Owner,Unknown,Steep grade downward with mountainous terrain,Y Shape,Asphalt,Dry,Daylight,Normal,Collision with roadside objects,2,Going straight,Not a Pedestrian,No priority to vehicle,Slight Injury
Afternoon Rush,Thursday,1,Male,High school,Employee,Below 1yr,Dry 2,Owner,Two way,Tangent road with flat terrain,Y Shape,Asphalt,Dry,Daylight,Normal,Vehicle with vehicle collision,2,Going straight,Not a Pedestrian,Moving Backward,Slight Injury
Day Time,Friday,0,Male,High school,Employee,1-5 yr,Public 1,Owner,Two way,Tangent road with flat terrain,No junction,Asphalt,Dry,Daylight,Normal,Vehicle with vehicle collision,1,U-Turn,Pedestrian,Moving Backward,Serious Injury
Day Time,Sunday,1,Male,High school,Employee,1-5 yr,Dry 2,Owner,Two-way (divided with broken lines road marking),Tangent road with flat terrain,Crossing,Asphalt,Dry,Daylight,Normal,Unknown,2,Stopping,Not a Pedestrian,Getting off the vehicle improperly,Slight Injury
Day Time,Sunday,0,Male,Elementary school,Employee,5-10yr,Dry 2,Owner,Two way,Tangent road with flat terrain,Y Shape,Asphalt,Dry,Daylight,Normal,Collision with pedestrians,2,Going straight,Not a Pedestrian,Changing lane,Slight Injury
Morning Rush,Tuesday,0,Male,High school,Employee,Above 10yr,Public 1,Owner,Two way,Tangent road with flat terrain,Y Shape,Asphalt,Dry,Daylight,Normal,Vehicle with vehicle collision,3,Moving Backward,Not a Pedestrian,Changing lane,Slight Injury
Day Time,Wednesday,1,Male,Unknown,Unknown,Unknown,Public (> 45 seats),Owner,Unknown,Tangent road with flat terrain,Y Shape,Asphalt,Dry,Daylight,Normal,Vehicle with vehicle collision,3,Getting off,Not a Pedestrian,No priority to vehicle,Slight Injury
Morning Rush,Wednesday,1,Male,High school,Employee,1-5 yr,Auto,Owner,Two-way (divided with broken lines road marking),Tangent road with flat terrain,Y Shape,Asphalt,Dry,Daylight,Normal,Vehicle with vehicle collision,3,Going straight,Not a Pedestrian,Changing lane,Slight Injury
Morning Rush,Wednesday,0,Male,High school,Employee,5-10yr,Dry 1,Owner,Two-way (divided with broken lines road marking),Tangent road with flat terrain,Y Shape,Asphalt,Dry,Daylight,Normal,Collision with pedestrians,1,Going straight,Not a Pedestrian,Changing lane,Slight Injury
Morning Rush,Wednesday,0,Male,High school,Employee,1-5 yr,Auto,Owner,Two way,Tangent road with mountainous terrain and,Y Shape,Asphalt,Dry,Daylight,Normal,Collision with roadside objects,2,Turnover,Not a Pedestrian,Driving carelessly,Slight Injury
Afternoon Rush,Tuesday,0,Male,Unknown,Unknown,Unknown,Unknown,Owner,Two way,Tangent road with flat terrain,Y Shape,Asphalt,Dry,Daylight,Normal,Unknown,2,Moving Backward,Not a Pedestrian,Changing lane,Slight Injury
Day Time,Friday,1,Male,Unknown,Employee,1-5 yr,Auto,Owner,Two way,Tangent road with flat terrain,Y Shape,Asphalt,Dry,Daylight,Normal,Vehicle with vehicle collision,1,Going straight,Unknown,Changing lane,Serious Injury
Morning Rush,Wednesday,0,Male,High school,Employee,Above 10yr,Auto,Owner,Unknown,Tangent road with flat terrain,Unknown,Asphalt,Dry,Daylight,Normal,Unknown,3,Going straight,Not a Pedestrian,Driving carelessly,Slight Injury
Morning Rush,Sunday,3,Male,High school,Employee,1-5 yr,Dry 2,Governmental,Two way,Tangent road with flat terrain,No junction,Asphalt,Dry,Daylight,Normal,Vehicle with vehicle collision,3,Going straight,Not a Pedestrian,No priority to vehicle,Slight Injury
Morning Rush,Sunday,0,Male,High school,Employee,Below 1yr,Auto,Owner,Two-way (divided with broken lines road marking),Steep grade downward with mountainous terrain,Unknown,Asphalt,Dry,Daylight,Normal,Vehicle with vehicle collision,2,Unknown,Not a Pedestrian,No priority to vehicle,Slight Injury
Afternoon Rush,Wednesday,1,Male,High school,Employee,1-5 yr,Dry 2,Governmental,Two-way (divided with broken lines road marking),Tangent road with flat terrain,Y Shape,Asphalt,Dry,Daylight,Normal,Collision with roadside objects,2,Unknown,Not a Pedestrian,Changing lane,Slight Injury
Night Time,Thursday,0,Male,High school,Employee,Below 1yr,Dry 2,Unknown,Unknown,Tangent road with mild grade and flat terrain,Y Shape,Asphalt,Dry,Daylight,Normal,Vehicle with vehicle collision,2,Going straight,Not a Pedestrian,Moving Backward,Slight Injury
Night Time,Thursday,0,Male,Unknown,Unknown,Unknown,Dry 2,Owner,Two-way (divided with broken lines road marking),Tangent road with mild grade and flat terrain,Y Shape,Asphalt,Dry,Daylight,Normal,Vehicle with vehicle collision,3,Going straight,Not a Pedestrian,Driving carelessly,Slight Injury
Night Time,Thursday,0,Male,High school,Employee,Below 1yr,Dry 1,Governmental,Two way,Tangent road with flat terrain,No junction,Asphalt,Dry,Daylight,Normal,Vehicle with vehicle collision,3,Going straight,Not a Pedestrian,Driving under the influence of drugs,Slight Injury
Day Time,Friday,1,Female,Unknown,Unknown,Unknown,Auto,Owner,Two way,Tangent road with flat terrain,Crossing,Asphalt,Dry,Daylight,Normal,Vehicle with vehicle collision,2,Going straight,Not a Pedestrian,No priority to vehicle,Slight Injury
Day Time,Friday,1,Male,High school,Employee,1-5 yr,Unknown,Owner,Two-way (divided with broken lines road marking),Tangent road with flat terrain,Y Shape,Asphalt,Dry,Daylight,Normal,Rollover,2,Unknown,Not a Pedestrian,Changing lane,Slight Injury
Day Time,Friday,3,Male,High school,Employee,Above 10yr,Unknown,Organization,Unknown,Tangent road with flat terrain,Unknown,Asphalt,Dry,Darkness - lights lit,Normal,Vehicle with vehicle collision,1,Unknown,Not a Pedestrian,Driving to the left,Serious Injury
Day Time,Friday,3,Male,High school,Employee,Above 10yr,Auto,Owner,Two-way (divided with broken lines road marking),Tangent road with flat terrain,Unknown,Asphalt,Dry,Darkness - lights lit,Normal,Collision with roadside objects,1,Going straight,Pedestrian,Moving Backward,Serious Injury
Night Time,Monday,0,Male,High school,Employee,5-10yr,Motorcycle,Owner,Two-way (divided with broken lines road marking),Tangent road with mild grade and flat terrain,Y Shape,Asphalt,Dry,Daylight,Normal,Collision with pedestrians,3,Going straight,Not a Pedestrian,No priority to vehicle,Slight Injury
Night Time,Monday,0,Male,High school,Employee,1-5 yr,Auto,Owner,Two-way (divided with broken lines road marking),Tangent road with mild grade and flat terrain,Y Shape,Asphalt,Dry,Daylight,Normal,Vehicle with vehicle collision,3,Getting off,Not a Pedestrian,No distancing,Slight Injury
Day Time,Tuesday,1,Male,High school,Employee,Below 1yr,Public 1,Owner,Two-way (divided with broken lines road marking),Tangent road with flat terrain,Y Shape,Asphalt,Dry,Darkness - lights lit,Normal,Vehicle with vehicle collision,2,Going straight,Not a Pedestrian,Changing lane,Slight Injury
Night Time,Thursday,1,Male,High school,Employee,1-5 yr,Dry 2,Owner,Two way,Tangent road with flat terrain,Y Shape,Asphalt,Dry,Darkness - lights lit,Normal,Vehicle with vehicle collision,2,Going straight,Not a Pedestrian,No priority to vehicle,Slight Injury
Night Time,Thursday,1,Male,High school,Owner,1-5 yr,Auto,Owner,Two way,Tangent road with flat terrain,Y Shape,Asphalt,Dry,Daylight,Normal,Vehicle with vehicle collision,1,Going straight,Not a Pedestrian,No priority to vehicle,Serious Injury
Day Time,Sunday,1,Male,High school,Employee,5-10yr,Auto,Owner,Two-way (divided with broken lines road marking),Tangent road with flat terrain,Y Shape,Asphalt,Dry,Daylight,Normal,Vehicle with vehicle collision,1,Going straight,Not a Pedestrian,No distancing,Serious Injury
Day Time,Sunday,1,Male,Elementary school,Employee,1-5 yr,Public (> 45 seats),Owner,Two-way (divided with broken lines road marking),Tangent road with flat terrain,Y Shape,Asphalt,Dry,Daylight,Normal,Vehicle with vehicle collision,2,Getting off,Not a Pedestrian,Driving to the left,Slight Injury
Day Time,Sunday,1,Male,Elementary school,Owner,5-10yr,Dry 1,Unknown,Unknown,Tangent road with flat terrain,Y Shape,Asphalt,Dry,Daylight,Normal,Collision with roadside objects,2,Going straight,Not a Pedestrian,Driving carelessly,Slight Injury
Day Time,Tuesday,1,Male,High school,Employee,Above 10yr,Dry 2,Owner,Two way,Tangent road with mild grade and flat terrain,Y Shape,Asphalt,Dry,Darkness - lights lit,Normal,Rollover,1,Going straight,Not a Pedestrian,Driving carelessly,Serious Injury
Day Time,Tuesday,1,Male,High school,Employee,5-10yr,Auto,Owner,Two-way (divided with broken lines road marking),Tangent road with flat terrain,Y Shape,Asphalt,Dry,Daylight,Normal,Vehicle with vehicle collision,1,Unknown,Not a Pedestrian,Changing lane,Slight Injury
Day Time,Monday,1,Male,High school,Employee,5-10yr,Public (13?45 seats),Owner,Unknown,Tangent road with flat terrain,Y Shape,Asphalt,Dry,Daylight,Normal,Collision with pedestrians,2,Going straight,Not a Pedestrian,Driving carelessly,Slight Injury
Afternoon Rush,Wednesday,0,Male,High school,Employee,5-10yr,Auto,Owner,Unknown,Tangent road with flat terrain,Y Shape,Asphalt,Dry,Daylight,Normal,Vehicle with vehicle collision,2,Going straight,Not a Pedestrian,Changing lane,Slight Injury
Afternoon Rush,Tuesday,0,Male,High school,Employee,Above 10yr,Public (> 45 seats),Owner,Two way,Tangent road with flat terrain,O Shape,Asphalt,Dry,Daylight,Normal,Vehicle with vehicle collision,2,Going straight,Not a Pedestrian,Driving carelessly,Slight Injury
Afternoon Rush,Tuesday,0,Male,High school,Unknown,1-5 yr,Public 1,Owner,Two-way (divided with broken lines road marking),Tangent road with flat terrain,O Shape,Asphalt,Dry,Daylight,Normal,Collision with pedestrians,2,Going straight,Not a Pedestrian,Driving carelessly,Slight Injury
Afternoon Rush,Tuesday,1,Male,High school,Employee,1-5 yr,Auto,Owner,One way,Tangent road with flat terrain,O Shape,Asphalt,Wet or damp,Daylight,Raining,Collision with pedestrians,2,Going straight,Not a Pedestrian,Driving under the influence of drugs,Serious Injury
Afternoon Rush,Tuesday,3,Male,High school,Employee,1-5 yr,Dry 2,Governmental,Two-way (divided with broken lines road marking),Tangent road with flat terrain,No junction,Unknown,Wet or damp,Daylight,Raining,Vehicle with vehicle collision,2,Reversing,Not a Pedestrian,Driving carelessly,Serious Injury
Afternoon Rush,Saturday,1,Male,Unknown,Unknown,Unknown,Auto,Owner,Two way,Tangent road with flat terrain,Y Shape,Asphalt,Wet or damp,Daylight,Raining,Vehicle with vehicle collision,2,Unknown,Not a Pedestrian,No distancing,Serious Injury
Afternoon Rush,Saturday,1,Male,Elementary school,Employee,5-10yr,Dry 1,Owner,Two way,Tangent road with flat terrain,Y Shape,Asphalt,Wet or damp,Daylight,Raining,Vehicle with vehicle collision,2,Going straight,Not a Pedestrian,Driving carelessly,Serious Injury
Day Time,Friday,0,Male,High school,Employee,5-10yr,Public 1,Owner,Two-way (divided with broken lines road marking),Tangent road with flat terrain,Y Shape,Asphalt,Dry,Daylight,Normal,Vehicle with vehicle collision,1,Going straight,Not a Pedestrian,Driving to the left,Slight Injury
Day Time,Friday,0,Male,High school,Employee,Above 10yr,Auto,Owner,Two-way (divided with broken lines road marking),Tangent road with flat terrain,Y Shape,Asphalt,Dry,Daylight,Normal,Vehicle with vehicle collision,1,Going straight,Not a Pedestrian,Overtaking,Slight Injury
Day Time,Monday,0,Male,High school,Employee,1-5 yr,Auto,Unknown,Two way,Tangent road with mountainous terrain and,No junction,Asphalt,Dry,Daylight,Normal,Collision with roadside objects,2,Going straight,Not a Pedestrian,No distancing,Slight Injury
Day Time,Monday,3,Male,High school,Employee,1-5 yr,Auto,Governmental,Two-way (divided with broken lines road marking),Tangent road with flat terrain,No junction,Asphalt,Wet or damp,Darkness - lights lit,Unknown,Vehicle with vehicle collision,2,Going straight,Not a Pedestrian,No priority to vehicle,Slight Injury
Day Time,Monday,3,Male,Elementary school,Unknown,5-10yr,Unknown,Owner,Two-way (divided with broken lines road marking),Tangent road with mild grade and flat terrain,Y Shape,Asphalt,Wet or damp,Darkness - lights lit,Unknown,Vehicle with vehicle collision,2,Going straight,Not a Pedestrian,No priority to vehicle,Slight Injury
Morning Rush,Thursday,0,Male,Elementary school,Employee,5-10yr,Unknown,Owner,Unknown,Tangent road with flat terrain,Y Shape,Asphalt,Dry,Daylight,Normal,Vehicle with vehicle collision,2,Going straight,Not a Pedestrian,No priority to vehicle,Slight Injury
Day Time,Wednesday,1,Male,High school,Unknown,5-10yr,Unknown,Owner,Two-way (divided with broken lines road marking),Tangent road with flat terrain,Y Shape,Asphalt,Dry,Daylight,Normal,Vehicle with vehicle collision,2,Going straight,Not a Pedestrian,No priority to vehicle,Slight Injury
Night Time,Saturday,0,Male,High school,Employee,5-10yr,Public (13?45 seats),Owner,Two way,Tangent road with flat terrain,Y Shape,Asphalt,Wet or damp,Daylight,Raining,Vehicle with vehicle collision,2,Moving Backward,Not a Pedestrian,No distancing,Slight Injury
Night Time,Saturday,0,Male,Elementary school,Employee,Above 10yr,Dry 2,Owner,One way,Tangent road with flat terrain,Y Shape,Asphalt,Wet or damp,Daylight,Raining,Vehicle with vehicle collision,2,Moving Backward,Not a Pedestrian,Moving Backward,Slight Injury
Morning Rush,Monday,1,Male,High school,Employee,5-10yr,Auto,Owner,Two way,Tangent road with flat terrain,No junction,Asphalt,Dry,Daylight,Normal,Vehicle with vehicle collision,3,Unknown,Not a Pedestrian,Changing lane,Slight Injury
Afternoon Rush,Saturday,0,Male,Elementary school,Employee,1-5 yr,Auto,Owner,One way,Tangent road with mild grade and flat terrain,No junction,Asphalt,Dry,Daylight,Normal,Vehicle with vehicle collision,3,Unknown,Not a Pedestrian,Changing lane,Slight Injury
Night Time,Tuesday,0,Male,High school,Employee,Above 10yr,Dry 2,Owner,Two way,Tangent road with flat terrain,Y Shape,Asphalt,Dry,Daylight,Normal,Vehicle with vehicle collision,2,Going straight,Not a Pedestrian,Moving Backward,Slight Injury
Day Time,Saturday,1,Male,High school,Owner,1-5 yr,Dry 2,Owner,Two way,Tangent road with flat terrain,O Shape,Asphalt,Dry,Daylight,Normal,Vehicle with vehicle collision,1,Unknown,Not a Pedestrian,Changing lane,Slight Injury
Day Time,Saturday,0,Male,High school,Employee,1-5 yr,Dry 2,Owner,Two-way (divided with broken lines road marking),Tangent road with flat terrain,O Shape,Asphalt,Dry,Daylight,Normal,Vehicle with vehicle collision,1,Unknown,Not a Pedestrian,No distancing,Serious Injury
Day Time,Friday,3,Male,High school,Employee,1-5 yr,Public (> 45 seats),Owner,Two-way (divided with broken lines road marking),Tangent road with mild grade and flat terrain,Y Shape,Asphalt,Dry,Daylight,Normal,Vehicle with vehicle collision,1,Going straight,Not a Pedestrian,No priority to vehicle,Slight Injury
Day Time,Tuesday,3,Male,High school,Owner,1-5 yr,Public 1,Owner,Two-way (divided with broken lines road marking),Tangent road with flat terrain,Y Shape,Asphalt,Dry,Daylight,Normal,Collision with roadside objects,2,Reversing,Not a Pedestrian,Changing lane,Slight Injury
Day Time,Tuesday,3,Male,Unknown,Unknown,Unknown,Unknown,Owner,Two way,Tangent road with flat terrain,No junction,Asphalt,Dry,Daylight,Normal,Vehicle with vehicle collision,2,Unknown,Not a Pedestrian,No distancing,Slight Injury
Day Time,Saturday,1,Male,Elementary school,Owner,1-5 yr,Public 1,Owner,Two way,Tangent road with flat terrain,No junction,Asphalt,Dry,Daylight,Normal,Vehicle with vehicle collision,1,Turnover,Not a Pedestrian,No distancing,Slight Injury
Day Time,Saturday,1,Male,High school,Employee,1-5 yr,Unknown,Owner,Two way,Tangent road with flat terrain,No junction,Asphalt,Dry,Daylight,Normal,Vehicle with vehicle collision,2,Going straight,Not a Pedestrian,Getting off the vehicle improperly,Slight Injury
Day Time,Saturday,0,Male,Unknown,Owner,5-10yr,Public 1,Owner,Two way,Tangent road with flat terrain,No junction,Asphalt,Dry,Daylight,Normal,Vehicle with vehicle collision,2,Going straight,Not a Pedestrian,No priority to pedestrian,Slight Injury
Day Time,Monday,1,Male,High school,Employee,Below 1yr,Auto,Owner,Unknown,Tangent road with flat terrain,Y Shape,Asphalt,Dry,Daylight,Normal,Collision with pedestrians,1,Going straight,Not a Pedestrian,Changing lane,Slight Injury
Day Time,Monday,3,Male,High school,Employee,1-5 yr,Auto,Owner,Two way,Tangent road with flat terrain,Y Shape,Asphalt,Wet or damp,Daylight,Raining,Vehicle with vehicle collision,2,Going straight,Not a Pedestrian,No distancing,Slight Injury
Day Time,Thursday,0,Male,High school,Employee,5-10yr,Dry 2,Owner,Two way,Tangent road with flat terrain,Y Shape,Asphalt,Wet or damp,Daylight,Raining,Vehicle with vehicle collision,2,Going straight,Not a Pedestrian,Driving carelessly,Slight Injury
Afternoon Rush,Wednesday,0,Male,High school,Employee,Above 10yr,Special vehicle,Owner,Unknown,Steep grade downward with mountainous terrain,Y Shape,Gravel roads,Wet or damp,Daylight,Raining,Vehicle with vehicle collision,2,Going straight,Not a Pedestrian,No distancing,Slight Injury
Afternoon Rush,Wednesday,1,Male,Elementary school,Employee,1-5 yr,Dry 2,Owner,One way,Tangent road with flat terrain,Y Shape,Asphalt,Wet or damp,Daylight,Raining,Vehicle with vehicle collision,2,Going straight,Not a Pedestrian,Changing lane,Slight Injury
Night Time,Tuesday,1,Male,Elementary school,Owner,Above 10yr,Dry 2,Owner,Two way,Tangent road with flat terrain,Y Shape,Asphalt,Dry,Daylight,Normal,Vehicle with vehicle collision,1,Going straight,Not a Pedestrian,Overtaking,Serious Injury
Afternoon Rush,Friday,1,Male,High school,Employee,1-5 yr,Public (> 45 seats),Owner,Two way,Tangent road with flat terrain,Y Shape,Asphalt,Dry,Daylight,Unknown,Vehicle with vehicle collision,1,Going straight,Not a Pedestrian,Driving carelessly,Serious Injury
Afternoon Rush,Friday,1,Male,High school,Employee,5-10yr,Auto,Owner,Two-way (divided with broken lines road marking),Tangent road with flat terrain,Y Shape,Asphalt,Wet or damp,Darkness - no lighting,Raining,Vehicle with vehicle collision,1,Unknown,Not a Pedestrian,Moving Backward,Serious Injury
Day Time,Friday,1,Male,High school,Employee,1-5 yr,Auto,Owner,Unknown,Tangent road with flat terrain,Crossing,Asphalt,Dry,Daylight,Normal,Vehicle with vehicle collision,2,Going straight,Not a Pedestrian,No distancing,Slight Injury
Morning Rush,Friday,0,Male,High school,Employee,1-5 yr,Auto,Owner,Two-way (divided with broken lines road marking),Tangent road with flat terrain,Unknown,Asphalt,Dry,Daylight,Normal,Collision with pedestrians,2,Going straight,Not a Pedestrian,Overtaking,Slight Injury
Morning Rush,Friday,0,Male,High school,Employee,1-5 yr,Public (> 45 seats),Owner,Two-way (divided with broken lines road marking),Tangent road with flat terrain,Unknown,Asphalt,Dry,Daylight,Normal,Vehicle with vehicle collision,2,Moving Backward,Not a Pedestrian,Driving carelessly,Slight Injury
Afternoon Rush,Friday,0,Male,High school,Employee,1-5 yr,Dry 1,Owner,Two way,Tangent road with flat terrain,Unknown,Asphalt,Dry,Daylight,Normal,Vehicle with vehicle collision,2,Going straight,Not a Pedestrian,Driving carelessly,Slight Injury
Afternoon Rush,Friday,1,Male,High school,Employee,Above 10yr,Dry 1,Governmental,Two way,Tangent road with flat terrain,Unknown,Asphalt,Dry,Daylight,Normal,Vehicle with vehicle collision,1,Moving Backward,Not a Pedestrian,Moving Backward,Slight Injury
Afternoon Rush,Friday,0,Male,High school,Employee,Above 10yr,Dry 1,Owner,Unknown,Steep grade downward with mountainous terrain,No junction,Asphalt,Wet or damp,Darkness - lights lit,Normal,Vehicle with vehicle collision,2,Unknown,Not a Pedestrian,Driving carelessly,Slight Injury
Day Time,Friday,1,Female,Elementary school,Employee,5-10yr,Dry 1,Owner,Unknown,Steep grade downward with mountainous terrain,No junction,Asphalt,Wet or damp,Darkness - lights lit,Normal,Collision with roadside objects,2,Going straight,Not a Pedestrian,Driving to the left,Slight Injury
Day Time,Friday,0,Male,Unknown,Employee,Unknown,Special vehicle,Owner,Two-way (divided with broken lines road marking),Tangent road with flat terrain,No junction,Asphalt,Dry,Daylight,Normal,Vehicle with vehicle collision,1,Reversing,Not a Pedestrian,Changing lane,Serious Injury
Day Time,Wednesday,1,Male,Unknown,Employee,1-5 yr,Dry 1,Owner,Two way,Tangent road with flat terrain,No junction,Asphalt,Dry,Daylight,Normal,Vehicle with vehicle collision,2,Going straight,Not a Pedestrian,No distancing,Slight Injury
Afternoon Rush,Sunday,3,Male,Elementary school,Employee,5-10yr,Auto,Owner,Two-way (divided with broken lines road marking),Escarpments,No junction,Asphalt,Dry,Daylight,Normal,Vehicle with vehicle collision,2,Unknown,Not a Pedestrian,No distancing,Slight Injury
Day Time,Sunday,3,Male,High school,Employee,5-10yr,Bajaj,Owner,Two-way (divided with broken lines road marking),Tangent road with mountainous terrain and,No junction,Asphalt,Dry,Daylight,Normal,Vehicle with vehicle collision,1,Unknown,Not a Pedestrian,Changing lane,Serious Injury
Day Time,Sunday,0,Female,High school,Employee,Above 10yr,Dry 2,Owner,Two way,Tangent road with mountainous terrain and,No junction,Asphalt,Dry,Darkness - lights lit,Normal,Vehicle with vehicle collision,2,Unknown,Not a Pedestrian,Driving under the influence of drugs,Slight Injury
Day Time,Sunday,0,Male,High school,Employee,5-10yr,Unknown,Owner,Two way,Tangent road with mountainous terrain and,O Shape,Asphalt,Dry,Darkness - lights lit,Normal,Vehicle with vehicle collision,2,Stopping,Pedestrian,Changing lane,Slight Injury